url,title,price_usd,price_kgs,year,mileage_km,engine,transmission,city,image_url
https://mashina.kg/details/kia-k3-69fdcda78ba09589264029,Kia K3 II,11750,1027538,2019,113413,1.6 л.,вариатор,Кант,https://im.mashina.kg/tachka/images/5/f/7/5f77c00c46df7abdf84837fbb96826da_640x480.jpg
https://mashina.kg/details/toyota-rav4-6a016a85db1ab764478529,Toyota RAV4 V (XA50),33400,2920830,2026,13,2.0 л.,вариатор,Бишкек,https://im.mashina.kg/tachka/images/3/6/b/36b7beb1e79f19f0c831b45f09ce6621_640x480.jpg
https://mashina.kg/details/bmw-x7-69f9ff43cdd84134308434,BMW X7 I (G07) Рестайлинг,98500,8613825,2023,9000,3.0 л.,автомат,Бишкек,https://im.mashina.kg/tachka/images/1/c/8/1c8c02bcf0e2f304fc123210a8f2136b_640x480.jpg
https://mashina.kg/details/lexus-rz-69fb55dc46e7a588935090,Lexus RZ,29300,2562285,2023,46000,,,Бишкек,https://im.mashina.kg/tachka/images/1/a/3/1a326cfbcd51ea00902560c605dc2862_640x480.jpg
https://mashina.kg/details/toyota-land-cruiser-69f077547e79d343061298,Toyota Land Cruiser 300 Series,95000,8307750,2022,60000,3.4 л.,автомат,Бишкек,https://im.mashina.kg/tachka/images/0/d/e/0de75b8f6fc822e282465daec6c12181_640x480.jpg
https://mashina.kg/details/subaru-forester-69ecc7e07b637605136458,Subaru Forester II Рестайлинг,9000,787050,2008,290000,2.0 л.,автомат,Кант,https://im.mashina.kg/tachka/images/1/1/d/11dc04199fcfd8bb7cdeefe320c41f72_640x480.jpg
https://mashina.kg/details/lexus-lx-69fc8220dc2fe465010619,Lexus LX III Рестайлинг 2,90000,7870500,2020,95000,5.7 л.,автомат,Бишкек,https://im.mashina.kg/tachka/images/9/1/5/91527240db006dfaebbdab272e9df21e_640x480.jpg
https://mashina.kg/details/mercedesbenz-sklass-68e26b7c2c51d646469737,Mercedes-Benz S-Класс V (W221) Рестайлинг,22000,1923900,2011,110000,4.7 л.,автомат,Бишкек,https://im.mashina.kg/tachka/images/7/6/e/76eb573eec7d8fec4928b7302329f9d9_640x480.jpg
https://mashina.kg/details/cadillac-escalade-69d613a3986e2088226754,Cadillac Escalade IV,55000,4809750,2019,126000,6.2 л.,автомат,Бишкек,https://im.mashina.kg/tachka/images/5/5/2/552c966cb222217652a538ed6640042f_640x480.jpg
https://mashina.kg/details/toyota-avalon-69f1d0fca5d42420690798,Toyota Avalon V,24500,2142525,2019,86500,2.5 л.,вариатор,Бишкек,https://im.mashina.kg/tachka/images/a/d/4/ad441e7555a179c1bdcedbdad67747de_640x480.jpg
https://mashina.kg/details/bmw-7-serii-69d3b6186eb7e527217549,BMW 7 серии VI (G11/G12) Рестайлинг,44500,3891525,2020,55000,4.4 л.,автомат,Бишкек,https://im.mashina.kg/tachka/images/a/f/8/af8f3bbb351bea72d98ec0457db8645d_640x480.jpg
https://mashina.kg/details/lexus-gx-6a03f8d3fbdd8588bfd7093a,Продажа Lexus GX I 2005,19500,1705275,2005,250000,4.7 л.,автомат,Бишкек,https://storage.mashina.kg/catalog/images/2026-05-13/10030777/cc51e8a62c09828227fbe55c52216f34_medium.webp
https://mashina.kg/details/bmw-ix1-69e9c769e8c9a581664158,BMW iX1,27500,2404875,2025,118,,,Бишкек,https://im.mashina.kg/tachka/images/d/a/f/dafda473b5f7b6e95db6a6725f7f8ccd_640x480.jpg
https://mashina.kg/details/bmw-x5-6a042a193c1971fe108c52ef,Продажа BMW X5 IV (G05/G18) 2021,48400,4232580,2021,71000,3.0 л.,автомат,Бишкек,https://storage.mashina.kg/catalog/images/2026-05-13/10031047/0b352812f7f55353b5b815b82694511f_medium.webp
https://mashina.kg/details/chevrolet-malibu-69f1c8e756394618264082,Chevrolet Malibu IX,10000,874500,2018,155000,1.5 л.,автомат,Бишкек,https://im.mashina.kg/tachka/images/9/c/0/9c037a5337d6cdbf1c98ef01d4d2868b_640x480.jpg
https://mashina.kg/details/kia-rio-6991bac870c4c697085955,Kia Rio IV,15000,1311750,2018,80000,1.4 л.,механика,Бишкек,https://im.mashina.kg/tachka/images/9/2/d/92d342d6437f5dddf8a8bf1f498da95f_640x480.jpg
https://mashina.kg/details/hyundai-santa-fe-69fe00dca1879017988312,Hyundai Santa Fe IV,17200,1504140,2020,156000,2.0 л.,автомат,Бишкек,https://im.mashina.kg/tachka/images/1/e/0/1e0b6866bc89c474dbccc9de36809fa1_640x480.jpg
https://mashina.kg/details/bmw-5-serii-6a000a1e9453e447111519,BMW 5 серии VII (G30/G31),21700,1897665,2019,140000,2.0 л.,автомат,Бишкек,https://storage.mashina.kg/catalog/images/2026-05-13/4561518/a34395533cfe568cbafd5be40f16143a_medium.webp
https://mashina.kg/details/kia-k7-69fdfe7116d4b224478435,Kia K7 YG (II) Рестайлинг,17500,1530375,2020,98000,2.4 л.,автомат,Бишкек,https://im.mashina.kg/tachka/images/b/b/8/bb8ea0a2aa5989c8835e0d4c24e8e2b5_640x480.jpg
https://mashina.kg/details/toyota-highlander-6918537389811830208886,Toyota Highlander III (U50) Рестайлинг,26500,2317425,2019,84000,3.5 л.,автомат,Бишкек,https://im.mashina.kg/tachka/images/c/9/c/c9c2988d07a3702b0ef4ea71dcb13d3a_640x480.jpg
https://mashina.kg/details/hyundai-sonata-6a06bf4889fc17dc6cfab526,Продажа Hyundai Sonata VIII (DN8) 2021,13500,1180575,2021,212465,2.0 л.,автомат,Бишкек,https://storage.mashina.kg/catalog/images/2026-05-15/10033561/97f77fbc1decb4056c8a917b667a647d_medium.webp
https://mashina.kg/details/kia-k3-69ef87bb8dcd9974829045,Kia K3 II,12300,1075635,2019,123000,1.6 л.,робот,Бишкек,https://storage.mashina.kg/catalog/images/2026-05-13/4544928/b1e0d685817e3023f45cf4131869e272_medium.webp
https://mashina.kg/details/changan-eado-plus-6a068ccedee37e18d0470179,Продажа Changan Eado Plus 2026,10700,935715,2026,5,1.4 л.,робот,Бишкек,https://storage.mashina.kg/catalog/images/2026-05-15/10033381/15d7f42831e62a0a15dc9fe6526e2365_medium.webp
https://mashina.kg/details/subaru-outback-69e90f4a12109262138487,Subaru Outback VI,18200,1591590,2019,138403,2.4 л.,вариатор,Бишкек,https://im.mashina.kg/tachka/images/0/c/c/0cc0cf8fcd128d4b900a916b63eb4d84_640x480.jpg
https://mashina.kg/details/land-rover-range-rover-699bed86bef68429399154,Land Rover Range Rover IV,38500,3366825,2016,170000,4.4 л.,автомат,Бишкек,https://im.mashina.kg/tachka/images/e/1/c/e1c99692a5729780a54d6ee583358454_640x480.jpg
https://mashina.kg/details/bmw-5-serii-69fcba701c579139099604,BMW 5 серии VII (G30/G31) Рестайлинг,33000,2885850,2020,81400,2.0 л.,автомат,Бишкек,https://im.mashina.kg/tachka/images/d/c/8/dc8a46402996abf77224a390a627168d_640x480.jpg
https://mashina.kg/details/hyundai-grandeur-6a033f23be4d064379920dbf,Продажа Hyundai Grandeur VI Рестайлинг 2022,15000,1311750,2022,267000,3.0 л.,автомат,Бишкек,https://storage.mashina.kg/catalog/images/2026-05-12/10030326/48e1e3e5e93cc2e1ad5ac6048a4f74bb_medium.webp
https://mashina.kg/details/bmw-5-serii-6a05c4a57b2a5a854a2b35dd,Продажа BMW 5 серии VII (G30/G31) Рестайлинг 2021,38500,3366825,2021,29000,2.0 л.,автомат,Бишкек,https://storage.mashina.kg/catalog/images/2026-05-14/10032758/b8fb4904b262c37ee1e2d4b3e03cf78f_medium.webp
https://mashina.kg/details/lexus-rx-69ff363885623990547914,Lexus RX IV Рестайлинг,42500,3716625,2021,103260,3.5 л.,вариатор,Бишкек,https://im.mashina.kg/tachka/images/2/9/4/294c116afb4aaa6424567d0dd341eb68_640x480.jpg
https://mashina.kg/details/bmw-x7-69cccc16c8606715199570,BMW X7 I (G07),52500,4591125,2019,181000,3.0 л.,автомат,Бишкек,https://im.mashina.kg/tachka/images/3/2/0/320c7efdcd338c7fa443c5653df655c1_640x480.jpg
https://mashina.kg/details/lexus-lx-6a05e8741f896f7d9fc344a2,Продажа Lexus LX IV 2026,190000,16615500,2026,15,3.5 л.,автомат,Бишкек,https://storage.mashina.kg/catalog/images/2026-05-14/10032952/298facde032f7224812895855cd7b937_medium.webp
https://mashina.kg/details/bmw-x5-6a05e59f174270c68daa3769,Продажа BMW X5 III (F15) 2017,24800,2168760,2017,230000,3.0 л.,автомат,Бишкек,https://storage.mashina.kg/catalog/images/2026-05-14/10032939/3e1a45d15d2879ecd89113da1210f938_medium.webp
https://mashina.kg/details/chevrolet-malibu-69d68daedf3b6580165497,Chevrolet Malibu IX Рестайлинг,9034,790000,2019,134000,1.5 л.,вариатор,Бишкек,https://im.mashina.kg/tachka/images/8/e/6/8e6cedb93afa3b1c0a918e29a4cd043d_640x480.jpg
https://mashina.kg/details/toyota-corolla-6a05d97a496ac71b8b51358c,"Продажа Toyota Corolla XI (E160, E170, E180) Рестайлинг 1 2015",9500,830775,2015,139400,1.8 л.,автомат,Бишкек,https://storage.mashina.kg/catalog/images/2026-05-14/10032862/e53b5b07e646aa62916887c874f6c67a_medium.webp
https://mashina.kg/details/kia-morning-6a0467bbafe617a32e699a74,Продажа Kia Morning III 2019,7800,682110,2019,114000,1.0 л.,автомат,Бишкек,https://storage.mashina.kg/catalog/images/2026-05-13/10031404/ead205614377e59eb801965556b744b3_medium.webp
https://mashina.kg/details/changan-cs55plus-6a05c491ce6ec3b886ffdf4e,Продажа Changan CS55PLUS I Рестайлинг 2025,12200,1066890,2025,21500,1.5 л.,робот,Бишкек,https://storage.mashina.kg/catalog/images/2026-05-14/10032757/9cf738e38f7302637226060441fcf1a1_medium.webp
https://mashina.kg/details/toyota-camry-6a05c3ae356bd97185e737dc,Продажа Toyota Camry VIII (XV70) 2018,22000,1923900,2018,155000,2.5 л.,вариатор,Бишкек,https://storage.mashina.kg/catalog/images/2026-05-14/10032750/ba57ae4fc68a137ddbf4aec025354632_medium.webp
https://mashina.kg/details/kia-stinger-6a037a45e5c0c39cbd2e7a4f,Продажа Kia Stinger I 2018,17300,1512885,2018,167,3.3 л.,автомат,Бишкек,https://storage.mashina.kg/catalog/images/2026-05-15/10030572/1e6ed9f4e202b3ad21f212cf86f23374_medium.webp
https://mashina.kg/details/bmw-5-serii-6a05654b981143e4d2b6c4a7,Продажа BMW 5 серии VII (G30/G31) 2020,25500,2229975,2020,172000,2.0 л.,автомат,Бишкек,https://storage.mashina.kg/catalog/images/2026-05-14/10032330/6eb1e825ceae4828fcb87f8de3d77d80_medium.webp
https://mashina.kg/details/mercedesbenz-sklass-69bd3a7c91e4d529475002,Mercedes-Benz S-Класс V (W221) Рестайлинг,13500,1180575,2011,176902,5.5 л.,автомат,Бишкек,https://im.mashina.kg/tachka/images/d/4/8/d48ee309091fa8d88a879b499b6ec838_640x480.jpg
https://mashina.kg/details/toyota-land-cruiser-prado-6a0469aad78ee458712e59cb,Продажа Toyota Land Cruiser Prado 120 Series 2008,25000,2186250,2008,300000,4.0 л.,автомат,Бишкек,https://storage.mashina.kg/catalog/images/2026-05-13/10031416/a6807d8e1f0d7ce46cd7587355d81352_medium.webp
https://mashina.kg/details/lexus-ls-69fdce7f6c748714602822,Lexus LS III Рестайлинг,10800,944460,2004,293000,4.3 л.,автомат,Бишкек,https://im.mashina.kg/tachka/images/b/d/7/bd7afce9222b410cdf1483a2f43ffb24_640x480.jpg
https://mashina.kg/details/ssangyong-tivoli-6a00b2642d41c658318565,SsangYong Tivoli I Рестайлинг,11500,1005675,2019,147500,1.5 л.,автомат,Бишкек,https://im.mashina.kg/tachka/images/d/6/9/d699757403edeec801f65e1be5bd7463_640x480.jpg
https://mashina.kg/details/kia-morning-69d3adac7f95c021692677,Kia Morning III,8999,786963,2019,74000,1.0 л.,автомат,Бишкек,https://im.mashina.kg/tachka/images/8/0/3/803d0c4995653756e4eebc9c903e644e_640x480.jpg
https://mashina.kg/details/lexus-es-69d0a19b96c43327036819,Lexus ES VI Рестайлинг,24000,2098800,2017,214000,2.5 л.,вариатор,Ош,https://im.mashina.kg/tachka/images/5/5/2/552ff804ddd99540be1019b242217239_640x480.jpg
https://mashina.kg/details/bmw-5-serii-6a042201046ab73b2520bb6d,Продажа BMW 5 серии VII (G30/G31) Рестайлинг 2021,33500,2929575,2021,82000,2.0 л.,автомат,Бишкек,https://storage.mashina.kg/catalog/images/2026-05-13/10031002/d6feb5deaf1b8dfa56f0f4a86594e5d4_medium.webp
https://mashina.kg/details/lexus-rx-6a035642b854daf7b0b3735e,Продажа Lexus RX II 2004,11900,1040655,2004,200000,3.0 л.,автомат,Бишкек,https://storage.mashina.kg/catalog/images/2026-05-12/10030412/623ada182cdc854338ca8f5b8c9ad1ff_medium.webp
https://mashina.kg/details/mercedes-benz-s-klass-amg-68b59a75b3ccc943949527,Mercedes-Benz S-Класс AMG I (W220) Рестайлинг,25555,2234785,2004,211000,5.4 л.,автомат,Бишкек,https://im.mashina.kg/tachka/images/b/e/0/be0912a7f97f4fd666b012d07537f5df_640x480.jpg
https://mashina.kg/details/bmw-x5-69ff818b46284395829389,BMW X5 IV (G05/G18) Рестайлинг,104000,9094800,2023,49000,4.4 л.,автомат,Бишкек,https://im.mashina.kg/tachka/images/d/b/2/db2d5781f8c0e860bf0740f636055693_640x480.jpg
https://mashina.kg/details/toyota-tundra-6988701fe1600246963764,Toyota Tundra II Рестайлинг,45000,3935250,2018,177000,5.7 л.,автомат,Бишкек,https://im.mashina.kg/tachka/images/2/1/9/2194bbfb24bb1208a54ea4e9b9ea9086_640x480.jpg
https://mashina.kg/details/bmw-x5-69fb7429d1100731002254,BMW X5 IV (G05/G18),63500,5553075,2020,72000,4.4 л.,автомат,Бишкек,https://im.mashina.kg/tachka/images/d/b/4/db4f6b40751874e9cfe37acc5a4e2bda_640x480.jpg
https://mashina.kg/details/bmw-5-serii-69fcad4449b00250084707,BMW 5 серии VII (G30/G31) Рестайлинг,37000,3235650,2021,50000,2.0 л.,автомат,Бишкек,https://im.mashina.kg/tachka/images/1/1/f/11fe3c554a997f09dfa13bdcd7c8b33f_640x480.jpg
https://mashina.kg/details/subaru-outback-69d228174b464449970291,Subaru Outback VI,19800,1731510,2020,105000,2.4 л.,вариатор,Бишкек,https://im.mashina.kg/tachka/images/0/3/2/032d050394876adbdd18c7743753b2d0_640x480.jpg
https://mashina.kg/details/bmw-x7-69e21501682b3374043910,BMW X7 I (G07),83000,7258350,2022,18300,4.4 л.,автомат,Бишкек,https://im.mashina.kg/tachka/images/1/1/7/117a8e96c0f30db11c2c24f5d7ad7d68_640x480.jpg
https://mashina.kg/details/bmw-5-serii-6a008277d69b0772424815,BMW 5 серии VII (G30/G31) Рестайлинг,33500,2929575,2020,140000,2.0 л.,автомат,Бишкек,https://im.mashina.kg/tachka/images/c/3/c/c3c119781d954912a98b01b865feecc2_640x480.jpg
https://mashina.kg/details/byd-song-plus-69d1fa11dfa92211627514,BYD Song Plus I Рестайлинг,17700,1547865,2024,40000,,,Бишкек,https://im.mashina.kg/tachka/images/7/4/4/7441a4eba3c58089d8e516f66cc2563d_640x480.jpg
https://mashina.kg/details/weltmeister-w6-69eba747389fe220747486,Weltmeister W6,13000,1136850,2021,31000,,,Бишкек,https://im.mashina.kg/tachka/images/d/0/8/d0802033958025956e08a6ab0b0eb724_640x480.jpg
https://mashina.kg/details/kia-sorento-69fb3b79a76a7008091676,Kia Sorento III Prime Рестайлинг,18500,1617825,2019,195000,2.2 л.,автомат,Бишкек,https://im.mashina.kg/tachka/images/f/8/9/f89f1aa4d0985b491d4826fdf1f1b38b_640x480.jpg
https://mashina.kg/details/bmw-x7-6a0046708e18a617555898,BMW X7 I (G07),51800,4529910,2020,104000,4.4 л.,автомат,Бишкек,https://im.mashina.kg/tachka/images/4/0/3/4034ffe65806b60b2084c8b9fadd889b_640x480.jpg
https://mashina.kg/details/hyundai-genesis-69e08de01cf8a166762231,Genesis G70 I,13500,1180575,2019,109350,2.0 л.,автомат,Кызыл-Кия,https://im.mashina.kg/tachka/images/e/2/5/e2518b4712a5929d88f3471038c46bb9_640x480.jpg
https://mashina.kg/details/volvo-xc90-69f880c806d4a365184276,Volvo XC90 II,27000,2361150,2018,230000,2.0 л.,автомат,Бишкек,https://im.mashina.kg/tachka/images/9/8/b/98b944489f46410815b0c785d2fa4a23_640x480.jpg
https://mashina.kg/details/bmw-x5-69ff069486b1e845813662,BMW X5 IV (G05/G18),47000,4110150,2018,185000,3.0 л.,автомат,Бишкек,https://im.mashina.kg/tachka/images/2/a/7/2a701db5cabd36797e75612f3f882e66_640x480.jpg
https://mashina.kg/details/kia-k3-69e7b4f09f431130615924,Kia K3 II,13700,1198065,2019,112500,1.6 л.,вариатор,Бишкек,https://im.mashina.kg/tachka/images/3/2/2/322492a0f0dd4dec0106ad1c05c55405_640x480.jpg
https://mashina.kg/details/toyota-4runner-69ff397c00831026255120,Toyota 4Runner V Рестайлинг,30500,2667225,2019,140012,4.0 л.,автомат,Бишкек,https://im.mashina.kg/tachka/images/e/e/6/ee6fa0c3f91174e1321b1fd45e0f8e8d_640x480.jpg
https://mashina.kg/details/mercedesbenz-cla-6a0045e27509d957930771,"Mercedes-Benz CLA II (C118, X118) Рестайлинг",40000,3498000,2024,33000,2.0 л.,робот,Бишкек,https://im.mashina.kg/tachka/images/e/e/b/eebeae2c6ee607dd31edaca5cd8fdb45_640x480.jpg
https://mashina.kg/details/bmw-x5-69f4601c99251694724890,BMW X5 IV (G05/G18),49500,4328775,2022,145000,4.4 л.,автомат,Бишкек,https://im.mashina.kg/tachka/images/d/a/5/da5febeb6839f525355fefcc8283cae5_640x480.jpg
https://mashina.kg/details/lexus-nx-69b3e4ea2af2f031206997,Lexus NX I Рестайлинг,20500,1792725,2020,123919,2.0 л.,автомат,Бишкек,https://im.mashina.kg/tachka/images/2/c/2/2c2e8fd674868f91b0322bd3557829eb_640x480.jpg
https://mashina.kg/details/mercedesbenz-eklass-amg-6a00325dc0d57859627403,"Mercedes-Benz E-Класс AMG III (W211, S211) Рестайлинг",18600,1626570,2008,230000,5.4 л.,автомат,Токмок,https://im.mashina.kg/tachka/images/f/d/f/fdfa065a5caf9833b5021a993a78cba4_640x480.jpg
https://mashina.kg/details/kia-carnival-69fae5c31669c169844761,Kia Carnival IV Рестайлинг,34200,2990790,2024,99000,1.6 л.,автомат,Бишкек,https://im.mashina.kg/tachka/images/e/7/5/e759267e70f0bb2d962b60fec2880852_640x480.jpg
https://mashina.kg/details/hyundai-sonata-69dbf5874619e008208276,Hyundai Sonata VIII (DN8),14000,1224300,2019,149000,2.0 л.,автомат,Бишкек,https://im.mashina.kg/tachka/images/2/1/2/212bc42c805873c426e5ff78ab6f55f1_640x480.jpg
https://mashina.kg/details/bmw-4-serii-687fc964b8b50549088788,BMW 4 серии F32/F33/F36 Рестайлинг,22000,1923900,2019,91000,2.0 л.,автомат,Бишкек,https://im.mashina.kg/tachka/images/3/e/f/3ef0e1348a016158cdfbec779a7a44ea_640x480.jpg
https://mashina.kg/details/byd-yuan-up-69ec505c8c7b2606473714,BYD Yuan Up,13000,1136850,2024,15000,,,Бишкек,https://im.mashina.kg/tachka/images/e/5/3/e53f84e2c4d09f612d159ae7e9d7044f_640x480.jpg
https://mashina.kg/details/byd-yuan-plus-69ee0ab608d89046745527,BYD Yuan Plus,14900,1303005,2023,38500,,,Бишкек,https://im.mashina.kg/tachka/images/2/3/1/2319c12a50fc6d16260cf6bbfecafa7e_640x480.jpg
https://mashina.kg/details/kia-k5-6a001228412e6125734882,Kia K5 II,11300,988185,2020,350000,2.0 л.,автомат,Бишкек,https://im.mashina.kg/tachka/images/b/e/3/be351bf84b8b6e5179584ab90f653238_640x480.jpg
https://mashina.kg/details/tesla-model-3-69d761070b3ed714321824,Tesla Model 3 I,15999,1399113,2023,30000,,,Бишкек,https://im.mashina.kg/tachka/images/4/a/9/4a9077786fa9000d94e38f7480583189_640x480.jpg
https://mashina.kg/details/mercedesbenz-gls-69e786a41218f775748795,Mercedes-Benz GLS I (X166),37000,3235650,2017,98000,4.7 л.,автомат,Бишкек,https://storage.mashina.kg/catalog/images/2026-05-14/4507034/e457139ddd807f6483cd9ebd365f1ce5_medium.webp
https://mashina.kg/details/mercedesbenz-gklass-amg-69e8c3fcdb47d831854805,Mercedes-Benz G-Класс AMG II (W463),138000,12068100,2020,20407,4.0 л.,автомат,Бишкек,https://im.mashina.kg/tachka/images/7/f/a/7fa6c10e83979b8a1600df6e5771ef52_640x480.jpg
https://mashina.kg/details/kia-sportage-69fca53d3cafa936997599,Kia Sportage IV Рестайлинг,18990,1660676,2020,133000,2.0 л.,автомат,Бишкек,https://im.mashina.kg/tachka/images/5/e/8/5e860963db3a10800ebad459141cf659_640x480.jpg
https://mashina.kg/details/toyota-rav4-69e1d09e65236282527708,Toyota RAV4 IV (XA40) Рестайлинг,21500,1880175,2018,88000,2.5 л.,вариатор,Ош,https://im.mashina.kg/tachka/images/3/2/0/320c2b8c0c5926fbe0c782fbaa5020e8_640x480.jpg
https://mashina.kg/details/toyota-rav4-69cde79f489ff710057814,Toyota RAV4 V (XA50),20900,1827705,2019,200000,2.5 л.,автомат,Бишкек,https://im.mashina.kg/tachka/images/6/2/6/6263a9d385fe4bb07a82bde81fd4239f_640x480.jpg
https://mashina.kg/details/toyota-camry-68a580b414941655938264,Toyota Camry VII (XV50) Рестайлинг,12900,1128105,2016,240000,2.5 л.,автомат,Бишкек,https://im.mashina.kg/tachka/images/8/2/a/82a37278cad6eb6969fd889f853b3111_640x480.jpg
https://mashina.kg/details/hyundai-santa-fe-6a06b0fdd794f2694b09184e,Продажа Hyundai Santa Fe III Рестайлинг 2018,11700,1023165,2018,150000,2.4 л.,автомат,Бишкек,https://storage.mashina.kg/catalog/images/2026-05-15/10033491/db875842b3537ba5fd52c053e357b089_medium.webp
https://mashina.kg/details/subaru-ascent-6a05deaf982050441a0bd152,Продажа Subaru Ascent I 2018,19500,1705275,2018,130000,2.4 л.,вариатор,Бишкек,https://storage.mashina.kg/catalog/images/2026-05-14/10032895/0db3a6e575845ec61b5870e4ed188f6e_medium.webp
https://mashina.kg/details/toyota-4runner-6948355e2809d944420592,Toyota 4Runner V Рестайлинг,47500,4153875,2023,33500,4.0 л.,автомат,Бишкек,https://im.mashina.kg/tachka/images/b/b/6/bb634fe3e068d6e00ef02b9bf861339c_640x480.jpg
https://mashina.kg/details/chevrolet-tahoe-69fcc308f21f5754632409,Chevrolet Tahoe V,62500,5465625,2022,15000,6.2 л.,автомат,Бишкек,https://im.mashina.kg/tachka/images/1/b/1/1b11263d05cbe8f1fb132c766be7f824_640x480.jpg
https://mashina.kg/details/hyundai-sonata-69e71ccf9d561486234116,Hyundai Sonata VII (LF) Рестайлинг,10700,935715,2019,255000,2.0 л.,автомат,Ош,https://im.mashina.kg/tachka/images/e/f/e/efe3b62d9ca2fddb65313c06bff89774_640x480.jpg
https://mashina.kg/details/subaru-ascent-6a0382297fd731dd436449a4,Продажа Subaru Ascent I 2020,21000,1836450,2020,135000,2.4 л.,вариатор,Бишкек,/static/svg/empty.svg
https://mashina.kg/details/honda-stepwgn-6a0427258971dc17f0f4bf2c,Продажа Honda Stepwgn II Рестайлинг 2003,10000,874500,2003,180000,2.4 л.,автомат,Бишкек,https://storage.mashina.kg/catalog/images/2026-05-13/10031031/1112c24766392d8eea5c7f3e8edb0ac7_medium.webp
https://mashina.kg/details/daewoo-nexia-6a023228db3ed033953895,Daewoo Nexia I Рестайлинг,2058,180000,2010,333334,1.6 л.,механика,Манас (Джалал-Абад),https://im.mashina.kg/tachka/images/4/4/a/44a2810a90c4db60019ede6e7c7f10e3_640x480.jpg
https://mashina.kg/details/toyota-camry-69e48c7483d0b010952530,Toyota Camry VIII (XV70),14900,1303005,2018,380000,2.5 л.,автомат,Ош,https://im.mashina.kg/tachka/images/8/a/3/8a3eb072ccfe8a52a47f2ab7124c301c_640x480.jpg
https://mashina.kg/details/honda-stream-69fb725f0cdf9282775022,Honda Stream I Рестайлинг,5946,520000,2004,300000,1.7 л.,автомат,Бишкек,https://im.mashina.kg/tachka/images/3/a/8/3a8fe68c75691423949f67efe31f1077_640x480.jpg
https://mashina.kg/details/land-rover-range-rover-6a01f18aaa5d5857686571,Land Rover Range Rover V,128000,11193600,2022,120000,4.4 л.,автомат,Бишкек,https://im.mashina.kg/tachka/images/a/c/8/ac83299e3565a4ec0cd9b29647bae0a7_640x480.jpg
https://mashina.kg/details/toyota-avensis-69ea2c39b2648637497381,Toyota Avensis III,10200,891990,2009,188000,2.0 л.,вариатор,Ош,https://im.mashina.kg/tachka/images/2/c/0/2c0ae9c2f3960042cbf886bf5e334891_640x480.jpg
https://mashina.kg/details/gac-aion-s-plus-69cbc32e33865889595072,GAC Aion S Plus,12500,1093125,2022,36000,,,Бишкек,https://im.mashina.kg/tachka/images/2/6/5/265b29de9f879b4552e15826462441de_640x480.jpg
https://mashina.kg/details/daewoo-matiz-6a007c0d18202699960428,Daewoo Matiz I Рестайлинг,1944,170000,2002,257000,0.8 л.,механика,Ош,https://im.mashina.kg/tachka/images/d/4/1/d41837f55b11f73458a103661c0197f1_640x480.jpg
https://mashina.kg/details/lexus-es-6a01c45fabba8025191033,Lexus ES VII Рестайлинг,42500,3716625,2023,50000,2.5 л.,вариатор,Бишкек,https://im.mashina.kg/tachka/images/3/2/3/32346e23233a8e6e5cd3f0f3e6675252_640x480.jpg
https://mashina.kg/details/kia-morning-6a01c32e097bc480878228,Kia Morning III,7700,673365,2018,106579,1.0 л.,автомат,с. Булан-Соготту,https://im.mashina.kg/tachka/images/6/8/b/68b98fefdb1b11b878f70516e5e4d1f8_640x480.jpg
https://mashina.kg/details/bmw-x5-6a01693e77eb6923617773,BMW X5 IV (G05/G18),35000,3060750,2019,50000,3.0 л.,автомат,Бишкек,https://im.mashina.kg/tachka/images/1/6/7/1670bc8341a3dc34bf8318816134ffe3_640x480.jpg
https://mashina.kg/details/bmw-x5-69e4a569a3140757846041,BMW X5 IV (G05/G18),39500,3454275,2019,129000,3.0 л.,автомат,Бишкек,https://im.mashina.kg/tachka/images/7/f/d/7fd1faf0ec8caeb847e2d657662da13e_640x480.jpg
https://mashina.kg/details/toyota-camry-69f75edca2e20518657316,Toyota Camry VIII (XV70) Рестайлинг,20800,1818960,2020,78000,2.5 л.,автомат,Бишкек,https://im.mashina.kg/tachka/images/4/b/b/4bba550b7143f58bcaaeb7b0eb3e9284_640x480.jpg
https://mashina.kg/details/lixiang-one-6a06edb6eb9a1ad8c18bfcc6,Продажа LiXiang One 2020,21500,1880175,2020,66400,1.2 л.,вариатор,Бишкек,https://storage.mashina.kg/catalog/images/2026-05-15/10033848/7415505d0d2a6d668bb9d23890cdb54a_medium.webp
https://mashina.kg/details/mercedesbenz-sklass-69f0c5a28901f013749493,Mercedes-Benz S-Класс VII (W223),73000,6383850,2021,94000,4.0 л.,автомат,Бишкек,https://im.mashina.kg/tachka/images/2/f/4/2f40af812ae2dd97ffe3baf42522c0e0_640x480.jpg
https://mashina.kg/details/chevrolet-spark-69fb153a8cb62859265457,Chevrolet Spark IV,8000,699600,2020,80000,1.4 л.,вариатор,Бишкек,https://im.mashina.kg/tachka/images/b/f/f/bff7448aab87ef5fcf079d7378661eb4_640x480.jpg
https://mashina.kg/details/geely-galaxy-m9-69ce1ac8a73c0873176372,Geely Galaxy M9,33000,2885850,2026,10,1.5 л.,автомат,Китай,https://im.mashina.kg/tachka/images/f/8/6/f8600776fec5d1e3d0fd007344a45075_640x480.jpg
https://mashina.kg/details/aito-m5-69d722f9b5c5b554356815,Aito M5,35000,3060750,2026,10,1.5 л.,автомат,Китай,https://im.mashina.kg/tachka/images/a/6/6/a665614d27fa0cb52d9f135f971b1bf2_640x480.jpg
https://mashina.kg/details/aito-m8-69d71f7c0b534020968457,Aito M8,55000,4809750,2026,10,1.5 л.,автомат,Китай,https://im.mashina.kg/tachka/images/e/0/6/e06edb40e3854eeec46a31ff9b5813d4_640x480.jpg
https://mashina.kg/details/aito-m7-69d71d6595e89434440942,Aito M7,40000,3498000,2026,10,1.5 л.,автомат,Китай,https://im.mashina.kg/tachka/images/5/3/8/538e9dd5065c296599782892af018c8e_640x480.jpg
https://mashina.kg/details/mazda-cx5-69ce192c3707e915155828,Mazda CX-5 II Рестайлинг,21000,1836450,2025,20,2.0 л.,автомат,Китай,https://im.mashina.kg/tachka/images/9/4/5/9455197701eaf67bb284740ea27b2963_640x480.jpg
https://mashina.kg/details/volkswagen-teramont-69dc5dae0b815305704767,Volkswagen Teramont I Рестайлинг (China Market),49000,4285050,2026,10,2.0 л.,робот,Китай,https://im.mashina.kg/tachka/images/a/3/9/a39b57c42d0772e907a89a6820690258_640x480.jpg
https://mashina.kg/details/lynk-co-900-69d0c9e5a9a3d039701971,Lynk & Co 900,50000,4372500,2026,10,1.5 л.,автомат,Китай,https://im.mashina.kg/tachka/images/e/4/e/e4e982acbbee2f7f7db99b207c5f0135_640x480.jpg
https://mashina.kg/details/toyota-camry-69f623a3df6d6590674074,Toyota Camry VI (XV40) Рестайлинг,10500,918225,2009,201000,2.5 л.,автомат,Бишкек,https://im.mashina.kg/tachka/images/5/6/a/56ae9a65c340581b3918c94bc794fb06_640x480.jpg
https://mashina.kg/details/geely-galaxy-l6-69e0ac06d682f086095452,Geely Galaxy L6,9000,787050,2026,10,1.5 л.,автомат,Китай,https://im.mashina.kg/tachka/images/1/6/2/16218811b0ea09a5c26de9a29ef02570_640x480.jpg
https://mashina.kg/details/byd-fangchengbao-leopard-3-69e0a8ad4ba77162050528,BYD FangChengBao Leopard 3,20000,1749000,2026,10,,,Китай,https://im.mashina.kg/tachka/images/6/6/d/66d27b747fddb2c5c1bb0024be3fd71b_640x480.jpg
https://mashina.kg/details/hyundai-sonata-6a05b56a3c731b3a5b2d115c,Продажа Hyundai Sonata VII (LF) Рестайлинг 2018,12500,1093125,2018,62000,2.4 л.,автомат,Бишкек,https://storage.mashina.kg/catalog/images/2026-05-14/10032671/b92db12c00f65aa822fe60d69c81fec2_medium.webp
https://mashina.kg/details/hyundai-sonata-69896f51d04e0890634007,Hyundai Sonata VII (LF) Рестайлинг,12500,1093125,2019,227000,2.0 л.,автомат,Бишкек,https://im.mashina.kg/tachka/images/3/9/0/3900de1597842a5925110b4d65ddd8c5_640x480.jpg
https://mashina.kg/details/kia-k5-69c02015a6e27058594744,Kia K5 II,13500,1180575,2019,127000,2.0 л.,автомат,Бишкек,https://im.mashina.kg/tachka/images/c/0/c/c0ce7b76243b5b0777f54b8b24e44c33_640x480.jpg
https://mashina.kg/details/bmw-5-serii-69e50af70e220870393453,BMW 5 серии VII (G30/G31),26500,2317425,2019,94000,2.0 л.,автомат,Бишкек,https://im.mashina.kg/tachka/images/4/f/a/4fa093a3c196722125b0e15533f5ceba_640x480.jpg
https://mashina.kg/details/audi-a3-69d4b665924d3589305029,Audi A3 IV (8Y) Рестайлинг,23000,2011350,2025,10,1.5 л.,робот,Китай,https://im.mashina.kg/tachka/images/a/e/d/aeda886f014203f3e97cef17fcadd2ac_640x480.jpg
https://mashina.kg/details/bmw-5-serii-69fca304a927d136296085,BMW 5 серии VII (G30/G31) Рестайлинг,33000,2885850,2021,124000,2.0 л.,автомат,Бишкек,https://im.mashina.kg/tachka/images/6/a/5/6a51b7a861c676642217fe7720d942a5_640x480.jpg
https://mashina.kg/details/avatr-06-69d0d86fcd0c8756792601,Avatr 06,30000,2623500,2026,10,1.5 л.,автомат,Китай,https://im.mashina.kg/tachka/images/0/e/b/0ebf022bb4181ac4dc673203159e12da_640x480.jpg
https://mashina.kg/details/avatr-11-69d0d6c19c381959568749,Avatr 11,40000,3498000,2026,10,,,Китай,https://im.mashina.kg/tachka/images/4/2/c/42c8e04d8fa085e40ea4b42136a193ff_640x480.jpg
https://mashina.kg/details/avatr-12-69d0d451090f8935623485,Avatr 12,37000,3235650,2026,10,,,Китай,https://im.mashina.kg/tachka/images/8/a/d/8adf4130bdb07d04825ec4496f87360f_640x480.jpg
https://mashina.kg/details/audi-q5-69d0cad68644f395345404,Audi Q5 III,47000,4110150,2026,10,2.0 л.,робот,Китай,https://im.mashina.kg/tachka/images/5/b/9/5b9ed370204df5c8ba6681792f879b58_640x480.jpg
https://mashina.kg/details/byd-e2-69d0c8034bbfd001046001,BYD E2 I Рестайлинг,12000,1049400,2026,10,,,Китай,https://im.mashina.kg/tachka/images/2/f/8/2f85bc422e966e608805909ad76c2e81_640x480.jpg
https://mashina.kg/details/gac-trumpchi-e9-69d0c07267570009143170,GAC Trumpchi E9,32000,2798400,2026,10,2.0 л.,автомат,Китай,https://im.mashina.kg/tachka/images/d/e/2/de21efa4d9ff6b73dbbe8d601ebeb379_640x480.jpg
https://mashina.kg/details/gac-trumpchi-m8-69d0bedba3c0f854178895,GAC Trumpchi M8 II,37000,3235650,2026,10,2.0 л.,автомат,Китай,https://im.mashina.kg/tachka/images/8/8/a/88a12dfbd2203d6cb09d37d50244494e_640x480.jpg
https://mashina.kg/details/gac-trumpchi-s7-69d0bdd5b1fa5651892944,GAC Trumpchi S7,33000,2885850,2026,10,1.5 л.,автомат,Китай,https://im.mashina.kg/tachka/images/4/9/3/4936369fb287fb9753c9fb788d9f5929_640x480.jpg
https://mashina.kg/details/mercedesbenz-eklass-69f07576c7692580737656,"Mercedes-Benz E-Класс III (W211, S211) Рестайлинг",14900,1303005,2009,140685,3.0 л.,автомат,Бишкек,https://im.mashina.kg/tachka/images/2/a/f/2af62e938fa35d33c68bf26d67da0f88_640x480.jpg
https://mashina.kg/details/gac-trumpchi-gs8-69d0bc7f98b80709936167,GAC Trumpchi GS8 II,23000,2011350,2026,10,2.0 л.,автомат,Китай,https://im.mashina.kg/tachka/images/4/7/5/4757de247a1a26907ed01255c3de6ed9_640x480.jpg
https://mashina.kg/details/gac-aion-rt-69d0bb454dc4b091020203,GAC Aion RT,13800,1206810,2026,10,,,Китай,https://im.mashina.kg/tachka/images/7/f/a/7fab3356ea64c55d9e1c7ab10afe215c_640x480.jpg
https://mashina.kg/details/subaru-forester-679a5075ef092222351258,Subaru Forester II,7433,650000,2003,355000,2.0 л.,автомат,Бишкек,https://im.mashina.kg/tachka/images/2/4/a/24ad09eb8716be61eb8450995c671a27_640x480.jpg
https://mashina.kg/details/byd-sea-lion-07-69d0ba1ee706e747616085,BYD Sea Lion 07,25000,2186250,2025,10,,,Китай,https://im.mashina.kg/tachka/images/e/9/0/e90bd4631e904c36a86ac68880751ad0_640x480.jpg
https://mashina.kg/details/nissan-micra-68f22be8d0dce561352149,Nissan Micra II (K11),1086,95000,1993,253000,1.3 л.,механика,Бишкек,https://im.mashina.kg/tachka/images/8/d/8/8d8682fdd25a03a3d112167712612e58_640x480.jpg
https://mashina.kg/details/kia-optima-6a05d648d9c8746a2adb624b,Продажа Kia Optima IV 2017,8300,725835,2017,90000,2.4 л.,автомат,Бишкек,https://storage.mashina.kg/catalog/images/2026-05-14/10032843/21849ccba21f98009f65a95d6672c1a2_medium.webp
https://mashina.kg/details/gac-aion-y-plus-69d0b70d199f1198738485,GAC Aion Y Plus,12800,1119360,2026,10,,,Китай,https://im.mashina.kg/tachka/images/9/2/5/9255fc74c1a7229a43ab460788b76841_640x480.jpg
https://mashina.kg/details/hyundai-grandeur-699192f6c8b41411179740,Hyundai Grandeur VI Рестайлинг,17800,1556610,2021,150000,2.4 л.,автомат,Бишкек,https://im.mashina.kg/tachka/images/d/7/b/d7babd33ec1264e48402027c4d323b06_640x480.jpg
https://mashina.kg/details/byd-fangchengbao-leopard-5-69cf835bbede5124532983,BYD FangChengBao Leopard 5,34000,2973300,2025,20,1.5 л.,вариатор,Китай,https://im.mashina.kg/tachka/images/6/8/e/68ea4155384ff11966ba438f30963271_640x480.jpg
https://mashina.kg/details/zeekr-7x-69ce15db0e425617767558,Zeekr 7X,30000,2623500,2026,10,,,Китай,https://im.mashina.kg/tachka/images/8/b/1/8b1ac9e0869f8f6ebf0639c21829a90d_640x480.jpg
https://mashina.kg/details/zeekr-9x-69ce14c344f89214273370,Zeekr 9X,80000,6996000,2026,10,2.0 л.,автомат,Китай,https://im.mashina.kg/tachka/images/8/9/9/899b5edc533126c93c566531ea028374_640x480.jpg
https://mashina.kg/details/bmw-x3-69f609590ac35001680839,BMW X3 III (G01),36300,3174435,2020,78000,2.0 л.,автомат,Бишкек,https://im.mashina.kg/tachka/images/b/5/e/b5e9ebfcde6c96704943e302dabd7088_640x480.jpg
https://mashina.kg/details/zeekr-001-69ce13d3f1830711222410,Zeekr 001 I Рестайлинг,38000,3323100,2026,10,,,Китай,https://im.mashina.kg/tachka/images/f/7/9/f79924d16a9bee1c6c238d8db854fbb1_640x480.jpg
https://mashina.kg/details/kia-k5-69f889ae56aa9025662411,Kia K5 II,14500,1268025,2019,137800,2.0 л.,автомат,Бишкек,https://im.mashina.kg/tachka/images/3/1/9/319208c60a2551eceb5489907ba39d94_640x480.jpg
https://mashina.kg/details/mercedes-benz-s-klass-6a046e1155a12519b04f869f,"Продажа Mercedes-Benz S-Класс VI (W222, C217) Рестайлинг 2019",37500,3279375,2019,189000,2.9 л.,автомат,Бишкек,https://storage.mashina.kg/catalog/images/2026-05-15/10031438/105ef64ded0b4357f626145d179c493f_medium.webp
https://mashina.kg/details/kia-k7-69d6902c71951155364772,Kia K7 YG (II) Рестайлинг,18400,1609080,2020,164070,3.0 л.,автомат,Бишкек,https://im.mashina.kg/tachka/images/2/b/a/2ba9457590f9d5a01f012edaacfc0448_640x480.jpg
https://mashina.kg/details/jetour-traveller-69ce1231a9b90781616971,Jetour Traveller,17000,1486650,2026,10,1.5 л.,робот,Китай,https://im.mashina.kg/tachka/images/a/d/1/ad19315feae027f052861858f92944ad_640x480.jpg
https://mashina.kg/details/kia-k7-69d68aed2b8bd054788359,Kia K7 YG (II) Рестайлинг,17500,1530375,2019,154540,3.0 л.,автомат,Бишкек,https://im.mashina.kg/tachka/images/1/1/7/1175a8a055158872a1f9c33e39d57677_640x480.jpg
https://mashina.kg/details/kia-k5-698cc22d93c07324472462,Kia K5 III,16200,1416690,2020,160120,2.0 л.,автомат,Бишкек,https://im.mashina.kg/tachka/images/5/c/f/5cfe5af8dec5e6dffc99f7fc00ca776d_640x480.jpg
https://mashina.kg/details/toyota-camry-69ff7ca22c30a296786945,Toyota Camry VIII (XV70) Рестайлинг,20000,1749000,2021,154500,2.5 л.,автомат,Бишкек,https://im.mashina.kg/tachka/images/5/c/4/5c428779f2e404b59be8aa3690a4bded_640x480.jpg
https://mashina.kg/details/kia-sportage-69f886ce3a5ba877448653,Kia Sportage IV Рестайлинг,12500,1093125,2019,104110,1.6 л.,робот,Бишкек,https://im.mashina.kg/tachka/images/c/f/1/cf15c698c4a9e9ed66e8e03084084e3c_640x480.jpg
https://mashina.kg/details/kia-sorento-69d1e00572c0f026247061,Kia Sorento IV,22500,1967625,2022,77248,2.5 л.,автомат,Бишкек,https://im.mashina.kg/tachka/images/9/c/8/9c833b49b225c93257cc068389fc3c85_640x480.jpg
https://mashina.kg/details/jetour-x70-plus-69ce110c02f80616299934,Jetour X70 PLUS,11500,1005675,2026,10,1.5 л.,робот,Китай,https://im.mashina.kg/tachka/images/1/4/7/147ea357481a2db8cc4582c5e73d12f3_640x480.jpg
https://mashina.kg/details/toyota-land-cruiser-prado-69d52224894a4214037118,Toyota Land Cruiser Prado 150 Series Рестайлинг 3,65000,5684250,2021,70000,2.8 л.,автомат,Бишкек,https://im.mashina.kg/tachka/images/2/e/0/2e0d4bde1033ea350be742180b41e1bf_640x480.jpg
https://mashina.kg/details/toyota-corolla-69c51d8d74c1f178126762,"Toyota Corolla XI (E160, E170) Рестайлинг 2",14900,1303005,2025,20,1.5 л.,вариатор,Китай,https://im.mashina.kg/tachka/images/f/5/1/f512467907e69fa0e83a40242036aaaa_640x480.jpg
https://mashina.kg/details/changan-deepal-g318-69ce0ca095feb622769908,Changan Deepal G318,22000,1923900,2026,10,1.5 л.,автомат,Китай,https://im.mashina.kg/tachka/images/1/1/4/114d9fcec1b2d5f6ef11c67fb3373185_640x480.jpg
https://mashina.kg/details/hyundai-santa-fe-69fc5d99cc28e222200318,Hyundai Santa Fe III Рестайлинг,13500,1180575,2018,155000,2.0 л.,автомат,Ош,https://im.mashina.kg/tachka/images/0/5/3/053dea84e31c3ff7fab31c98b71a35f7_640x480.jpg
https://mashina.kg/details/lexus-gx-69fb858899808748803724,Lexus GX II Рестайлинг,38000,3323100,2018,110000,4.6 л.,автомат,Ош,https://im.mashina.kg/tachka/images/b/5/7/b577d52d685f51bca575c69335268e91_640x480.jpg
https://mashina.kg/details/changan-deepal-sl03-69ce0b35ba484328955307,Changan Deepal SL03,12000,1049400,2026,10,1.5 л.,автомат,Китай,https://im.mashina.kg/tachka/images/c/e/3/ce3fb31ceaf7116961ee8a7685370837_640x480.jpg
https://mashina.kg/details/toyota-bz3x-69c523a69686f508619469,Toyota bZ3X,19800,1731510,2025,20,,,Китай,https://im.mashina.kg/tachka/images/b/5/2/b52433e9a8fba8ed05d7bcde52ce3353_640x480.jpg
https://mashina.kg/details/kia-seltos-69c51fbf6ed8d841006229,Kia Seltos I Рестайлинг,14400,1259280,2025,20,1.5 л.,вариатор,Китай,https://im.mashina.kg/tachka/images/e/f/f/eff6352b86d996efce730ac70197be27_640x480.jpg
https://mashina.kg/details/mercedesbenz-cklass-6929471a44e5c706817558,Mercedes-Benz C-Класс IV (W205) Рестайлинг,30000,2623500,2019,100000,2.0 л.,автомат,Бишкек,https://im.mashina.kg/tachka/images/c/2/9/c29cfa8ab46175d5e5fbb3d8d4c94bb3_640x480.jpg
https://mashina.kg/details/daewoo-matiz-69fcbac90d2a3080738627,Daewoo Matiz I Рестайлинг,3545,310000,2004,180000,0.8 л.,автомат,Баткен,https://im.mashina.kg/tachka/images/a/b/e/abe2e2bfcad5854f7c32fb40ba40a57f_640x480.jpg
https://mashina.kg/details/hyundai-elantra-69c51e9bd6df5135715454,Hyundai Elantra VII (CN7) Рестайлинг,14000,1224300,2026,20,1.4 л.,робот,Китай,https://im.mashina.kg/tachka/images/9/5/d/95dd9d62542970d66e9c3b4a3abd1d5e_640x480.jpg
https://mashina.kg/details/volkswagen-tharu-69c51c17969f6352577253,Volkswagen Tharu I Рестайлинг,13600,1189320,2025,20,1.5 л.,робот,Китай,https://im.mashina.kg/tachka/images/0/8/8/088a4bd7cb9650273468bcba9b2d318b_640x480.jpg
https://mashina.kg/details/changan-univ-69c3dabbe4402934519479,Changan UNI-V,15700,1372965,2025,20,2.0 л.,автомат,Китай,https://im.mashina.kg/tachka/images/d/2/0/d201585c3f97d018c22d1874adb6bf9c_640x480.jpg
https://mashina.kg/details/changan-shenlan-s7-69c3d93085911453988443,Changan Shenlan S7,17800,1556610,2026,20,1.5 л.,автомат,Китай,https://im.mashina.kg/tachka/images/1/a/e/1ae5b16daf6668d19f2f39d7e137a47c_640x480.jpg
https://mashina.kg/details/changan-qiyuan-q05-69c3d69d4e553796333843,Changan Qiyuan Q05 II,9800,857010,2026,20,,,Китай,https://im.mashina.kg/tachka/images/4/f/0/4f0d37f440ee96fcfadc5b81ae1ece3f_640x480.jpg
https://mashina.kg/details/bmw-5-serii-69ff352b477cc559073657,BMW 5 серии VII (G30/G31),33500,2929575,2019,80000,3.0 л.,автомат,Бишкек,https://im.mashina.kg/tachka/images/3/9/f/39f2b16703139d82813fc2baf02d36c5_640x480.jpg
https://mashina.kg/details/volkswagen-tiguan-692e85620a14a047767317,Volkswagen Tiguan II (China Market),39300,3436785,2026,20,2.0 л.,робот,Бишкек,https://im.mashina.kg/tachka/images/9/5/a/95a118f2e883926349d97c92c29eb7a0_640x480.jpg
https://mashina.kg/details/nissan-rogue-69cbbc67841f7606924827,Nissan Rogue II Рестайлинг,12000,1049400,2017,196000,2.5 л.,вариатор,Бишкек,https://im.mashina.kg/tachka/images/b/5/7/b571049489ec3a2658034bca97b171ff_640x480.jpg
https://mashina.kg/details/audi-q5-69d36acae0ff5740321276,Audi Q5 III,58200,5089590,2026,30,2.0 л.,робот,Бишкек,https://im.mashina.kg/tachka/images/6/3/a/63ae5e95146f9115e9d4d1384e16c1eb_640x480.jpg
https://mashina.kg/details/toyota-rav4-69c4c306ad5ab453963802,Toyota RAV4 V (XA50),36300,3174435,2026,20,2.0 л.,вариатор,Бишкек,https://im.mashina.kg/tachka/images/e/f/c/efc9bd3e488b5b4f5f56be29b918064c_640x480.jpg
https://mashina.kg/details/zeekr-9x-692822b20a15c858827996,Zeekr 9X,143000,12505350,2026,10,2.0 л.,автомат,Бишкек,https://im.mashina.kg/tachka/images/2/7/c/27c23f8076ab92a8f36c72500360cd1a_640x480.jpg
https://mashina.kg/details/voyah-taishan-69c65f6a56554747911401,Voyah Taishan,77900,6812355,2026,20,1.5 л.,автомат,Бишкек,https://im.mashina.kg/tachka/images/f/4/6/f4698a16cba263dde8adc3f37d298a81_640x480.jpg
https://mashina.kg/details/bmw-x7-69dcadc698b52254242385,BMW X7 I (G07) Рестайлинг,66000,5771700,2022,128747,3.0 л.,автомат,Бишкек,https://im.mashina.kg/tachka/images/5/7/b/57bb66d60d3e7bcd26e1c52715be057e_640x480.jpg
https://mashina.kg/details/volkswagen-tharu-69e88c6a8d7e6929940832,Volkswagen Tharu I Рестайлинг,22000,1923900,2026,20,1.5 л.,робот,Бишкек,https://im.mashina.kg/tachka/images/e/0/0/e00373147d1de98327af84248374198a_640x480.jpg
https://mashina.kg/details/lexus-lx-69ec883c22d34461005246,Lexus LX III,26900,2352405,2008,271000,5.7 л.,автомат,Бишкек,https://im.mashina.kg/tachka/images/8/f/5/8f51feac968e7a0d9c15a3bfec372315_640x480.jpg
https://mashina.kg/details/changan-uniz-690e0961d27e3673775722,Changan UNI-Z,16900,1477905,2025,7200,1.5 л.,робот,Бишкек,https://im.mashina.kg/tachka/images/0/2/a/02a394b94653fc335ac095c9885ef7d8_640x480.jpg
https://mashina.kg/details/kia-k5-6998a4bdba69b905462895,Kia K5 II,11800,1031910,2018,48100,2.0 л.,автомат,Бишкек,https://im.mashina.kg/tachka/images/f/a/2/fa24bce3e0519437269c47ebd666f879_640x480.jpg
https://mashina.kg/details/mercedesbenz-sklass-69fe690dcb817571771171,"Mercedes-Benz S-Класс VI (W222, C217)",24000,2098800,2017,30577,4.7 л.,автомат,Бишкек,https://im.mashina.kg/tachka/images/f/f/e/ffe5e0200ad268263490255b58807dce_640x480.jpg
https://mashina.kg/details/tank-500-69e88cd80ff11738505092,Tank 500,39000,3410550,2024,20000,2.0 л.,автомат,Бишкек,https://im.mashina.kg/tachka/images/9/c/0/9c060e8ad1349b31e80cbe41a4c041e6_640x480.jpg
https://mashina.kg/details/bmw-x3-69342544c6edb013267300,BMW X3 IV (G45/G48),64500,5640525,2025,7000,2.0 л.,автомат,Бишкек,https://im.mashina.kg/tachka/images/4/4/6/4462c0ff241fe2173de1700a65c85562_640x480.jpg
https://mashina.kg/details/audi-a8-69e0dcbf2eef7081298058,Audi A8 II (D3) Рестайлинг,11000,961950,2006,220000,4.2 л.,автомат,Бишкек,https://im.mashina.kg/tachka/images/0/2/4/024d3dd3dacb6a5be16884d2163b0cae_640x480.jpg
https://mashina.kg/details/toyota-prius-699971e25e421444203007,Toyota Prius III (XW30),10999,961863,2011,272690,1.8 л.,автомат,Бишкек,https://im.mashina.kg/tachka/images/3/0/4/3046531365b441c8f99068069bc69bc5_640x480.jpg
https://mashina.kg/details/volkswagen-polo-69ee17de164e5221551049,Volkswagen Polo V Рестайлинг,9000,787050,2016,170000,1.6 л.,автомат,Бишкек,https://im.mashina.kg/tachka/images/9/0/3/9036d01c58433887c78dd39eaa4e7d11_640x480.jpg
https://mashina.kg/details/toyota-camry-68fde7f8e5788762930628,Toyota Camry VIII (XV70),21500,1880175,2018,90000,2.5 л.,автомат,Бишкек,https://im.mashina.kg/tachka/images/f/8/1/f81f5f1af79453ae3784d336eb604f49_640x480.jpg
https://mashina.kg/details/toyota-camry-japan-69f5f91967ba4605351314,Toyota Camry (Japan) XV50,11700,1023165,2017,125000,2.5 л.,автомат,Бишкек,https://im.mashina.kg/tachka/images/f/f/5/ff567fc12e570fbf614ff1e798bb3f78_640x480.jpg
https://mashina.kg/details/changan-uniz-69c3d53180081841506055,Changan UNI-Z,15000,1311750,2025,20,1.5 л.,вариатор,Китай,https://im.mashina.kg/tachka/images/c/2/1/c2188f95916d01c0bd5ec70a38b6d842_640x480.jpg
https://mashina.kg/details/subaru-forester-66bc1c95e3ff1620942991,Subaru Forester V Рестайлинг,23000,2011350,2022,75000,2.5 л.,вариатор,Бишкек,https://im.mashina.kg/tachka/images/3/3/b/33bf050d144f610e20aeae5096a6bca5_640x480.jpg
https://mashina.kg/details/bmw-x5-694817ff2b0fe370255573,BMW X5 III (F15),30000,2623500,2018,249000,3.0 л.,автомат,Бишкек,https://im.mashina.kg/tachka/images/4/e/e/4eed33e206a7fbc3e41ce64c67f23c0f_640x480.jpg
https://mashina.kg/details/kia-k5-6a06d558f7064f01c5b29102,Продажа Kia K5 II 2018,13000,1136850,2018,160000,2.0 л.,автомат,Талас,https://storage.mashina.kg/catalog/images/2026-05-15/10033679/766c9d3ed2d7f98cfa3e15f77acbe88e_medium.webp
https://mashina.kg/details/changan-cs75plus-69c3d3cf6fa96997641532,Changan CS75 Plus IV,14300,1250535,2026,20,1.5 л.,автомат,Китай,https://im.mashina.kg/tachka/images/0/3/1/03192ead03e48cc47bdb2ca9332dd32c_640x480.jpg
https://mashina.kg/details/changan-cs55plus-69c3d27bd885d215962089,Changan CS55PLUS I,13500,1180575,2026,20,1.5 л.,робот,Китай,https://im.mashina.kg/tachka/images/a/5/c/a5c0e6da326936ae6e128828a92293a8_640x480.jpg
https://mashina.kg/details/toyota-rav4-6a053941633cd744059885ec,Продажа Toyota RAV4 V (XA50) 2020,24300,2125035,2020,87000,2.5 л.,автомат,Бишкек,https://storage.mashina.kg/catalog/images/2026-05-14/10032142/a9a3adadf6eda4031628e7d3a15027c1_medium.webp
https://mashina.kg/details/changan-x5-plus-69c3ce0272c92318595751,Changan X5 Plus,10000,874500,2026,20,1.5 л.,робот,Китай,https://im.mashina.kg/tachka/images/8/b/f/8bf47ec983b20585927bcea294d7b190_640x480.jpg
https://mashina.kg/details/hyundai-sonata-69c8c5f5cefb8229924941,Hyundai Sonata VIII (DN8),13000,1136850,2022,147000,2.0 л.,автомат,Бишкек,https://im.mashina.kg/tachka/images/3/0/9/3093f29164c36941d843fd116159131f_640x480.jpg
https://mashina.kg/details/hyundai-palisade-693d103809c45966955009,Hyundai Palisade I,21999,1923813,2019,116500,3.8 л.,автомат,Бишкек,https://im.mashina.kg/tachka/images/4/2/3/423b13ea797a907ae9f5eb008ebac048_640x480.jpg
https://mashina.kg/details/nissan-xtrail-69c3cc356523f695758378,Nissan X-Trail IV,17000,1486650,2025,20,1.5 л.,вариатор,Китай,https://im.mashina.kg/tachka/images/9/3/d/93d5ca7ff856fecc6cf862263250273d_640x480.jpg
https://mashina.kg/details/hyundai-sonata-69a2e0ef2b6b7041060588,Hyundai Sonata VIII (DN8),12500,1093125,2019,240000,2.0 л.,автомат,Бишкек,https://im.mashina.kg/tachka/images/3/0/8/308e8fc4df2c9bf67a4130c5ded315d1_640x480.jpg
https://mashina.kg/details/kia-soul-6a0690ff0d37c3cd405ed73c,Продажа Kia Soul III 2020,12500,1093125,2020,122000,2.0 л.,автомат,Токмок,https://storage.mashina.kg/catalog/images/2026-05-15/10033391/084150b116770e91bf136d62f3074758_medium.webp
https://mashina.kg/details/byd-e5-69ee4e8d25c6a691879761,BYD E5,5603,490000,2019,200000,,,Манас (Джалал-Абад),https://im.mashina.kg/tachka/images/f/c/3/fc3d8013a74a9e905d9e1450fc06cfc7_640x480.jpg
https://mashina.kg/details/lexus-es-6a05e09174b4fe633eb0b99f,Продажа Lexus ES VI 2012,17000,1486650,2012,301005,2.5 л.,вариатор,Ноокат,https://storage.mashina.kg/catalog/images/2026-05-14/10032908/bdc7de53ddac5adb0e269889ac1e9d49_medium.webp
https://mashina.kg/details/bmw-x7-69d7876300a3f701431052,BMW X7 I (G07) Рестайлинг,119000,10406550,2023,37000,4.4 л.,автомат,Бишкек,https://im.mashina.kg/tachka/images/1/4/4/144e26526f33ec2b916ff9f062bc0fa5_640x480.jpg
https://mashina.kg/details/toyota-highlander-69d81d9d4995a203896780,Toyota Highlander II (U40) Рестайлинг,19500,1705275,2012,280000,3.5 л.,автомат,Токмок,https://im.mashina.kg/tachka/images/8/6/3/863e61ff5815a922a53de0a47d304b7c_640x480.jpg
https://mashina.kg/details/subaru-forester-6a05a8e8c9a6cad88fe0e73c,Продажа Subaru Forester V 2020,15900,1390455,2020,95000,2.5 л.,вариатор,Бишкек,https://storage.mashina.kg/catalog/images/2026-05-14/10032661/337496d58b4b5adb865fb3226e94ab4b_medium.webp
https://mashina.kg/details/kia-sportage-69e4cdd91ca96307513321,Kia Sportage IV,12800,1119360,2018,168000,2.0 л.,автомат,Бишкек,https://im.mashina.kg/tachka/images/6/8/c/68cedb67a8300b259dde9704ca25c636_640x480.jpg
https://mashina.kg/details/toyota-rav4-69b2652e8c4a5346845436,Toyota RAV4 V (XA50),24000,2098800,2025,20,2.5 л.,автомат,Китай,https://im.mashina.kg/tachka/images/1/c/1/1c1d95c1200da03179a3c73d6393971b_640x480.jpg
https://mashina.kg/details/geely-galaxy-m9-69b2633d5e945927272970,Geely Galaxy M9,35500,3104475,2025,20,1.5 л.,автомат,Китай,https://im.mashina.kg/tachka/images/7/d/1/7d14ec611f81de7fe40e7385f5586b65_640x480.jpg
https://mashina.kg/details/toyota-corolla-69b2621e683c2913312475,Toyota Corolla XII (E210),14900,1303005,2026,10,1.8 л.,вариатор,Китай,https://im.mashina.kg/tachka/images/1/1/9/11909cca8559e7418009b9958927aa4b_640x480.jpg
https://mashina.kg/details/mazda-ez60-69b25ec28ec42461149088,Mazda EZ-60,16000,1399200,2025,10,,,Китай,https://im.mashina.kg/tachka/images/8/8/e/88ecc77f01ee384fb8f6f00f62673d74_640x480.jpg
https://mashina.kg/details/lixiang-l6-69b25a660ccd6988376572,LiXiang L6,37000,3235650,2025,10,1.5 л.,автомат,Китай,https://im.mashina.kg/tachka/images/3/3/8/338a785d9c019e5450260118fab709e3_640x480.jpg
https://mashina.kg/details/lixiang-l7-69b25731bd9d6107158302,LiXiang L7 Рестайлинг,49000,4285050,2025,10,1.5 л.,автомат,Китай,https://im.mashina.kg/tachka/images/b/7/f/b7f77c7bfc711e7bcd1fc118b01ec95e_640x480.jpg
https://mashina.kg/details/hyundai-getz-69fbf86e4bdba447735782,Hyundai Getz I Рестайлинг,5089,445000,2008,292875,1.4 л.,механика,Манас (Джалал-Абад),https://im.mashina.kg/tachka/images/b/c/1/bc1dc006ef530eea48abb51078ed3754_640x480.jpg
https://mashina.kg/details/lixiang-l9-69b2562729d81581572068,LiXiang L9 Рестайлинг,59000,5159550,2025,10,1.5 л.,автомат,Китай,https://im.mashina.kg/tachka/images/f/3/c/f3c8fd71a8cea81bcb105926a35b6061_640x480.jpg
https://mashina.kg/details/mazda-cx5-69b13a1fcc581528193473,Mazda CX-5 II Рестайлинг,19000,1661550,2025,20,2.0 л.,автомат,Китай,https://im.mashina.kg/tachka/images/8/8/a/88a93300212d8cbacf1fb6bd2360c915_640x480.jpg
https://mashina.kg/details/zeekr-001-69b903c3cda51709904656,Zeekr 001 I Рестайлинг,46000,4022700,2026,10,,,Китай,https://im.mashina.kg/tachka/images/3/b/6/3b6626bd4c3535eedb6370951ae01700_640x480.jpg
https://mashina.kg/details/changan-uniz-69b8ff00ecb6b520493039,Changan UNI-Z,13500,1180575,2026,10,1.5 л.,вариатор,Китай,https://im.mashina.kg/tachka/images/3/6/8/368e7a44c6009abc1613b5ef293431cd_640x480.jpg
https://mashina.kg/details/toyota-camry-69b902c56baf3566449608,Toyota Camry IX (XV80) China Market,27000,2361150,2025,10,2.0 л.,вариатор,Китай,https://im.mashina.kg/tachka/images/d/c/4/dc4f0e2bf15921f7998ec83af05a23c2_640x480.jpg
https://mashina.kg/details/gac-aion-i60-69b63597269ad895187919,GAC Aion I60,16500,1442925,2025,10,1.5 л.,автомат,Китай,https://im.mashina.kg/tachka/images/d/6/9/d698689e34694b0db08ee9a0f56543e7_640x480.jpg
https://mashina.kg/details/kia-k9-68b59f231c7a6772847138,Kia K9 II (RJ),25500,2229975,2019,88111,3.3 л.,автомат,Бишкек,https://im.mashina.kg/tachka/images/7/6/4/764e7f0ec24bce92d05090dc2c4270e3_640x480.jpg
https://mashina.kg/details/changan-eado-69b62a92e00c3996478880,Changan Eado II Plus,10500,918225,2025,10,1.4 л.,робот,Китай,https://im.mashina.kg/tachka/images/1/b/8/1b8883f1519aa49c95f214e7b7879544_640x480.jpg
https://mashina.kg/details/changan-deepal-sl03-69b626d2ef90f796684163,Changan Deepal SL03,14000,1224300,2025,10,1.5 л.,автомат,Китай,https://im.mashina.kg/tachka/images/0/4/1/04117dc40002e55fcf1afbd99f91958d_640x480.jpg
https://mashina.kg/details/hyundai-santa-fe-6350c39d381d6076169726,Hyundai Santa Fe III,15900,1390455,2014,88000,3.3 л.,автомат,Бишкек,https://im.mashina.kg/tachka/images/4/5/7/45743d717cf926139a7f1d1ee5f3526a_640x480.jpg
https://mashina.kg/details/bmw-x5-6512cc662fdd7028801397,BMW X5 IV (G05/G18),59000,5159550,2021,19800,3.0 л.,-1,Бишкек,https://im.mashina.kg/tachka/images/c/d/3/cd31178c92305cf1d2f08a8841c203ac_640x480.jpg
https://mashina.kg/details/toyota-land-cruiser-634adf9532064922463042,Toyota Land Cruiser 200 Series Рестайлинг 1,41000,3585450,2012,141700,4.5 л.,автомат,Бишкек,https://im.mashina.kg/tachka/images/b/0/3/b035c98f5271525cdbf848c582434e7f_640x480.jpg
https://mashina.kg/details/honda-odyssey-683dd640b5275237662775,Honda Odyssey II,6000,524700,2003,181000,2.3 л.,автомат,Кара-Балта,https://im.mashina.kg/tachka/images/a/0/e/a0e900fa3c5370a839116bf9beee3674_640x480.jpg
https://mashina.kg/details/hyundai-maxcruz-66418fcf11056914721424,Hyundai Maxcruz,15900,1390455,2014,88000,3.3 л.,автомат,Бишкек,https://im.mashina.kg/tachka/images/3/a/e/3ae7bef9ec4bfab86a3797e4a68810aa_640x480.jpg
https://mashina.kg/details/changan-deepal-s05-69b6253e6a247903782304,Changan Deepal S05,16000,1399200,2025,10,1.5 л.,автомат,Китай,https://im.mashina.kg/tachka/images/d/6/1/d612fc515b3e4435b47664030fbae648_640x480.jpg
https://mashina.kg/details/lexus-es-69db76a0e488b846133460,Lexus ES VII,26000,2273700,2019,100000,2.5 л.,вариатор,Бишкек,https://im.mashina.kg/tachka/images/f/4/a/f4ae25e660f81fd104a3b580cbe53820_640x480.jpg
https://mashina.kg/details/changan-deepal-s7-69b623203c94b488854444,Changan Deepal S7,20000,1749000,2025,10,1.5 л.,автомат,Китай,https://im.mashina.kg/tachka/images/b/0/9/b09b4693a4522bf5d98d0c25e5e7a809_640x480.jpg
https://mashina.kg/details/changan-deepal-g318-69b62166b14ec518921301,Changan Deepal G318,22000,1923900,2025,10,1.5 л.,автомат,Китай,https://im.mashina.kg/tachka/images/6/7/1/6712c3dc66caf2e9ec84e0aa51d9394e_640x480.jpg
https://mashina.kg/details/hyundai-avante-6a0566902bacbda3762aded3,Продажа Hyundai Avante VI Рестайлинг 2019,10800,944460,2019,167000,1.6 л.,автомат,Бишкек,https://storage.mashina.kg/catalog/images/2026-05-14/10032337/7e4d9b4e183ad820c74db8f05034578a_medium.webp
https://mashina.kg/details/kia-seltos-69b61f14c0ee6897074578,Kia Seltos I Рестайлинг,15500,1355475,2025,10,1.4 л.,робот,Китай,https://im.mashina.kg/tachka/images/4/b/3/4b3e7a898773ae6559160fddf35c6e6f_640x480.jpg
https://mashina.kg/details/hyundai-lafesta-69b61de2b9d4e221375578,Hyundai Lafesta I Рестайлинг,19500,1705275,2025,10,1.5 л.,робот,Китай,https://im.mashina.kg/tachka/images/1/3/2/13231d151ddd6ec44214771dc8cb5e30_640x480.jpg
https://mashina.kg/details/tank-300-69b61a6ae3f7d068109961,Tank 300 I Рестайлинг,25500,2229975,2025,20,2.0 л.,автомат,Китай,https://im.mashina.kg/tachka/images/6/4/a/64a7b64e6b309e4dd070ab2be7ee1166_640x480.jpg
https://mashina.kg/details/hyundai-santa-fe-69f1d35d2198e150157702,Hyundai Santa Fe IV,15200,1329240,2018,180000,2.2 л.,автомат,Бишкек,https://im.mashina.kg/tachka/images/1/b/8/1b811c9740d9b8119b0d5ab5e59feff2_640x480.jpg
https://mashina.kg/details/mg-5-69b3a2775d92e669527332,MG 5 II,8000,699600,2025,10,1.5 л.,робот,Китай,https://im.mashina.kg/tachka/images/c/c/a/cca4b3d0a88a36e7a18e499090e8ab1d_640x480.jpg
https://mashina.kg/details/hyundai-santa-fe-69f1d4156dfd6471174355,Hyundai Santa Fe IV,15500,1355475,2018,180000,2.2 л.,автомат,Бишкек,https://im.mashina.kg/tachka/images/a/a/f/aafe4b9d76c4362c4323dc8e5c7af6e4_640x480.jpg
https://mashina.kg/details/subaru-outback-69ef4dc693cab905035512,Subaru Outback VI,16900,1477905,2020,87000,2.5 л.,вариатор,Бишкек,https://im.mashina.kg/tachka/images/b/8/b/b8b9aa8b471b0a290daab2cd6db2d180_640x480.jpg
https://mashina.kg/details/honda-accord-69ef400ab4705195519431,Honda Accord VII,9400,822030,2003,200000,2.4 л.,автомат,Бишкек,https://im.mashina.kg/tachka/images/4/a/0/4a05d9d2f529d8658167a0a8db9a9720_640x480.jpg
https://mashina.kg/details/toyota-camry-6a05f6ba00b466db37ea06f6,Продажа Toyota Camry VII (XV50) 2012,12700,1110615,2012,140000,2.5 л.,автомат,Бишкек,https://storage.mashina.kg/catalog/images/2026-05-14/10033031/44dd41b772abe4b0b7a93730cb5e2a82_medium.webp
https://mashina.kg/details/zeekr-9x-69be39823e870020183591,Zeekr 9X,92000,8045400,2025,10,2.0 л.,автомат,Китай,https://im.mashina.kg/tachka/images/2/e/3/2e3628b2add66a77ed63ab881c44ea98_640x480.jpg
https://mashina.kg/details/ssangyong-rexton-sports-6a01d93f043fd937711243,SsangYong Rexton Sports I,13400,1171830,2018,205000,2.2 л.,автомат,Бишкек,https://im.mashina.kg/tachka/images/e/e/e/eeef7073d47aa1b1d82d4aa19bdac489_640x480.jpg
https://mashina.kg/details/opel-omega-68db6408e5faf923510604,Opel Omega B,3500,306075,1996,200000,2.0 л.,механика,Кант,https://im.mashina.kg/tachka/images/8/c/7/8c761610b0b7137e8e82939667bd96b9_640x480.jpg
https://mashina.kg/details/toyota-rav4-69f5dcdf6ae07706334250,Toyota RAV4 V (XA50),34000,2973300,2026,5,2.0 л.,вариатор,Бишкек,https://im.mashina.kg/tachka/images/7/1/e/71e2b68dd7572dad1b4cec3554b7af20_640x480.jpg
https://mashina.kg/details/toyota-camry-69eb3d799b97b107685237,Toyota Camry IX (XV80) China Market,33700,2947065,2026,10,2.0 л.,вариатор,Бишкек,https://im.mashina.kg/tachka/images/6/e/7/6e7fbe176d73cd1d498301f8aa098e92_640x480.jpg
https://mashina.kg/details/subaru-outback-6a05fc4d0bcd49424123f1df,Продажа Subaru Outback IV 2010,10200,891990,2010,178000,2.5 л.,вариатор,Бишкек,https://storage.mashina.kg/catalog/images/2026-05-14/10033067/efe0c184dc78a582be2445d3c0437e20_medium.webp
https://mashina.kg/details/toyota-highlander-69f757917bc9b666011841,Toyota Highlander IV (U70),46800,4092660,2026,10,2.0 л.,автомат,Бишкек,https://im.mashina.kg/tachka/images/2/a/1/2a136b09372aabba9d1b8eeed5c9bb2b_640x480.jpg
https://mashina.kg/details/hyundai-santa-fe-6a0067b345a8c283585181,Hyundai Santa Fe II,8576,750000,2008,177888,2.0 л.,автомат,Ош,https://im.mashina.kg/tachka/images/6/0/4/604d9b55345dc9d10109e6bfe0f628e6_640x480.jpg
https://mashina.kg/details/hyundai-avante-6a06cd04092aeff4b3b7095a,Продажа Hyundai Avante IV 2009,7204,630000,2009,155000,1.6 л.,автомат,Араван,https://storage.mashina.kg/catalog/images/2026-05-15/10033637/daa5a3e30aac57423735f423f9279b5a_medium.webp
https://mashina.kg/details/hyundai-equus-6a016096635a3850570661,Hyundai Equus I Рестайлинг,30000,2623500,2007,160000,4.5 л.,автомат,Бишкек,https://im.mashina.kg/tachka/images/0/1/9/019c9dbccaac6b3f7ccf9b4c8e3f12bc_640x480.jpg
https://mashina.kg/details/kia-k5-6a0592494b54a2a835521664,Продажа Kia K5 II 2020,11800,1031910,2020,290000,2.0 л.,автомат,Ош,https://storage.mashina.kg/catalog/images/2026-05-14/10032570/926207d34903c4edec62818749d773ce_medium.webp
https://mashina.kg/details/mercedesbenz-eklass-69b78ea93cccd699409712,"Mercedes-Benz E-Класс V (W213, S213, C238)",22000,1923900,2019,132000,2.0 л.,автомат,Бишкек,https://im.mashina.kg/tachka/images/7/b/3/7b3f784819007c41e4fdea97093eb19a_640x480.jpg
https://mashina.kg/details/ssangyong-rexton-sports-69b792937dd6c804167043,SsangYong Rexton Sports I,14500,1268025,2020,190000,2.2 л.,автомат,Бишкек,https://im.mashina.kg/tachka/images/f/2/b/f2b49ef91460e8259f505cdd5b24f56f_640x480.jpg
https://mashina.kg/details/lexus-rx-69da0edf4199c456326749,Lexus RX IV,30000,2623500,2018,125528,3.5 л.,автомат,Бишкек,https://im.mashina.kg/tachka/images/0/4/3/043e50db76c2915b0fdb1baf2e70c825_640x480.jpg
https://mashina.kg/details/hyundai-palisade-69d9edc2bd505266779256,Hyundai Palisade I,23500,2055075,2019,96000,2.2 л.,автомат,Бишкек,https://im.mashina.kg/tachka/images/9/d/4/9d4ca180ea6cbf894b6a20f7c54928bb_640x480.jpg
https://mashina.kg/details/toyota-ist-69f81a0575c7f056898056,Toyota Ist II,11000,961950,2008,230136,1.8 л.,автомат,Бишкек,https://im.mashina.kg/tachka/images/6/e/9/6e93ec3c4dd7ce9093d9a0652aacd3a2_640x480.jpg
https://mashina.kg/details/kia-sorento-657339f11037d752287234,Kia Sorento III Prime Рестайлинг,29000,2536050,2017,100000,2.2 л.,автомат,Бишкек,https://im.mashina.kg/tachka/images/6/a/9/6a9fb3319425210464be7e1a44a68761_640x480.jpg
https://mashina.kg/details/lexus-rx-69f84e9de5528996800461,Lexus RX V,73500,6427575,2024,29999,2.5 л.,вариатор,Бишкек,https://im.mashina.kg/tachka/images/7/5/0/750d575923a83fe4f529c435f86d7c23_640x480.jpg
https://mashina.kg/details/toyota-4runner-69edb8d3b6f5d105013422,Toyota 4Runner IV Рестайлинг,18000,1574100,2006,18888,4.0 л.,автомат,Ош,https://im.mashina.kg/tachka/images/c/0/c/c0cbaeef42d27032aa25634b9366941f_640x480.jpg
https://mashina.kg/details/honda-crv-691ef43423a9a257835778,Honda CR-V III,11435,1000000,2007,356321,2.0 л.,автомат,Манас (Джалал-Абад),https://im.mashina.kg/tachka/images/5/c/0/5c0fcbf4ce5bdb19bdb9c205e804a80f_640x480.jpg
https://mashina.kg/details/kia-k3-69fdc2c07915f984981636,Kia K3 II,12000,1049400,2018,129000,1.6 л.,вариатор,Бишкек,https://im.mashina.kg/tachka/images/3/9/d/39daa517e6b83375b2a9cb8cbfdfb915_640x480.jpg
https://mashina.kg/details/chevrolet-spark-69fb2a68a4954712606800,Chevrolet Spark IV Рестайлинг,7200,629640,2019,70000,1.0 л.,вариатор,Бишкек,https://im.mashina.kg/tachka/images/5/1/e/51e4dfdde2b197fe5fc9bb2181d2f60b_640x480.jpg
https://mashina.kg/details/toyota-land-cruiser-prado-6a06cf14b0160f63d50b604d,Продажа Toyota Land Cruiser Prado 150 Series Рестайлинг 1 2015,28500,2492325,2015,123000,4.0 л.,автомат,Бишкек,https://storage.mashina.kg/catalog/images/2026-05-15/10033647/c919f8e1a7f5ea2427280d526d6745ef_medium.webp
https://mashina.kg/details/lexus-gx-69e88774c31c6209381553,Lexus GX I,25500,2229975,2007,292000,4.7 л.,автомат,Ош,https://im.mashina.kg/tachka/images/d/b/f/dbf0330c5918dcd31f7251e22e3091b5_640x480.jpg
https://mashina.kg/details/honda-fit-6a04661a02dceb11f812ecd8,Продажа Honda Fit I 2002,7204,630000,2002,164000,1.5 л.,автомат,Ош,https://storage.mashina.kg/catalog/images/2026-05-13/10031389/ba679085deb2c89506a589e403eb325f_medium.webp
https://mashina.kg/details/kia-k3-69fd4ecf39a43095113370,Kia K3 II,11600,1014420,2019,113000,1.6 л.,вариатор,Бишкек,https://im.mashina.kg/tachka/images/d/d/f/ddfb5781f88646fd6265303d76c6be18_640x480.jpg
https://mashina.kg/details/bmw-x5-6988daf7dc346379564602,BMW X5 IV (G05/G18),47000,4110150,2019,155000,3.0 л.,автомат,Бишкек,https://im.mashina.kg/tachka/images/0/c/9/0c903c38b531ad55f5ea9c9781cb541a_640x480.jpg
https://mashina.kg/details/toyota-camry-6a06e8b35f3c5ba025216bf4,Продажа Toyota Camry VII (XV50) Рестайлинг 2 2017,12300,1075635,2017,171000,2.5 л.,автомат,Бишкек,https://storage.mashina.kg/catalog/images/2026-05-15/10033817/78e606a563e830338a239e1049eab726_medium.webp
https://mashina.kg/details/toyota-camry-69f9b1275386f514233664,Toyota Camry VIII (XV70) Рестайлинг,23800,2081310,2020,72000,2.5 л.,вариатор,Бишкек,https://im.mashina.kg/tachka/images/1/4/a/14a80311d7fac857cbf70cd0a6878447_640x480.jpg
https://mashina.kg/details/renault-samsung-qm6-6a06e96ac3dd5a614a9b73e3,Продажа Renault Samsung QM6 I Рестайлинг 2020,12700,1110615,2020,170000,2.0 л.,вариатор,Бишкек,https://storage.mashina.kg/catalog/images/2026-05-15/10033829/c9aa92dcadebf313883cac92df4ce1ef_medium.webp
https://mashina.kg/details/bmw-x5-69b58a5350328277775328,BMW X5 IV (G05/G18),43900,3839055,2019,155000,3.0 л.,автомат,Бишкек,https://im.mashina.kg/tachka/images/9/7/e/97e7be37de7c72159a3a910c239d347f_640x480.jpg
https://mashina.kg/details/suzuki-escudo-69fabdff5c2ae679314469,Suzuki Escudo III,10200,891990,2006,113000,2.0 л.,автомат,с. Григорьевка,https://im.mashina.kg/tachka/images/9/5/e/95e5a71750825538970feb79bae942f0_640x480.jpg
https://mashina.kg/details/toyota-wish-6a0094a2aee79144000301,Toyota Wish I,6061,530000,2003,299999,1.8 л.,автомат,Таш-Кумыр,https://im.mashina.kg/tachka/images/2/6/7/267b2a8aa31860842b4889e9a750e488_640x480.jpg
https://mashina.kg/details/gac-aion-y-plus-69961ae3b3499382378464,GAC Aion Y Plus,12900,1128105,2023,999,,,Бишкек,https://im.mashina.kg/tachka/images/5/b/9/5b97e889b53bc145f5aa332ecd9bd573_640x480.jpg
https://mashina.kg/details/byd-e2-69b0e5425c06b694825002,BYD E2 I,7650,668992,2021,135000,,,Бишкек,https://im.mashina.kg/tachka/images/5/3/5/5352abe19d583fbe9908e1e7a9a4063e_640x480.jpg
https://mashina.kg/details/aiways-u5-6996af9278c01042684133,Aiways U5,9000,787050,2022,88000,,,Бишкек,https://im.mashina.kg/tachka/images/d/6/7/d679d92b370608b35b85d2c3bcf41bef_640x480.jpg
https://mashina.kg/details/hyundai-grandeur-6a0036810a9b0304761711,Hyundai Grandeur VI,10900,953205,2017,227000,2.4 л.,автомат,Манас (Джалал-Абад),https://im.mashina.kg/tachka/images/b/7/6/b7695d5c1b32f9d7b6ec60d9a76b701e_640x480.jpg
https://mashina.kg/details/toyota-rav4-69f09d1d3cc59143358718,Toyota RAV4 V (XA50),27900,2439855,2019,185000,2.5 л.,автомат,Бишкек,https://im.mashina.kg/tachka/images/d/1/1/d11ef437e8e4fb1304f4c41412508527_640x480.jpg
https://mashina.kg/details/subaru-outback-69f09639bebd0803741251,Subaru Outback VI,22500,1967625,2020,159003,2.4 л.,вариатор,Бишкек,https://im.mashina.kg/tachka/images/1/f/c/1fcfbb7fcc10be0a9996f775622d4bca_640x480.jpg
https://mashina.kg/details/lexus-gx-6a06e6c30b9a3c57c3f26292,Продажа Lexus GX I 2008,28500,2492325,2008,212000,4.7 л.,автомат,Ош,https://storage.mashina.kg/catalog/images/2026-05-15/10033810/9b1df013ef3d27c28937de3f74d4109e_medium.webp
https://mashina.kg/details/subaru-forester-69f0905c23d31234686688,Subaru Forester V,18900,1652805,2019,80000,2.5 л.,вариатор,Бишкек,https://im.mashina.kg/tachka/images/6/a/8/6a8700baa82331369c5f5436aaefd169_640x480.jpg
https://mashina.kg/details/lexus-gx-6a05cce02ac5d5c160b0609c,Продажа Lexus GX II Рестайлинг 2 2020,48000,4197600,2020,122000,4.6 л.,-1,Бишкек,https://storage.mashina.kg/catalog/images/2026-05-15/10032793/57f2df51de4f58b33ff39527e4108c31_medium.webp
https://mashina.kg/details/toyota-highlander-69e5d2193f482639860657,Toyota Highlander IV (U70),45000,3935250,2026,1,2.0 л.,автомат,Бишкек,https://im.mashina.kg/tachka/images/4/3/f/43f86dccaf5f4c973da1242281eb8c01_640x480.jpg
https://mashina.kg/details/honda-crv-69f1b6be86959923367966,Honda CR-V II Рестайлинг,12250,1071262,2006,300000,2.0 л.,автомат,Талас,https://im.mashina.kg/tachka/images/6/a/b/6ab6a2d59d7bc46975e705a3560f8e2b_640x480.jpg
https://mashina.kg/details/toyota-rav4-69ea07d12e27c542754980,Toyota RAV4 V (XA50),33200,2903340,2026,1,2.5 л.,автомат,Бишкек,https://im.mashina.kg/tachka/images/f/8/c/f8c13dc5461e7dd6f568e11379ade898_640x480.jpg
https://mashina.kg/details/toyota-camry-69d1199d93bc3441830373,Toyota Camry VIII (XV70) Рестайлинг,21000,1836450,2021,143000,2.5 л.,вариатор,Бишкек,https://im.mashina.kg/tachka/images/7/4/c/74cb1b6b439c1764bd313209860504af_640x480.jpg
https://mashina.kg/details/bmw-x7-6a05aaa1ba5116196a751339,Продажа BMW X7 I (G07) 2021,67000,5859150,2021,75000,3.0 л.,автомат,Бишкек,https://storage.mashina.kg/catalog/images/2026-05-15/10032666/da745fbe1732e14b13617fd60418368a_medium.webp
https://mashina.kg/details/hyundai-santa-fe-69e4caaa05bb8410324259,Hyundai Santa Fe IV,15700,1372965,2018,102000,2.4 л.,автомат,Бишкек,https://im.mashina.kg/tachka/images/9/d/c/9dcf6f708a0448a2e3e1987ef679c58c_640x480.jpg
https://mashina.kg/details/gac-trumpchi-s7-69eaffd21a44a125771203,GAC Trumpchi S7,36000,3148200,2026,1,1.5 л.,автомат,Бишкек,https://im.mashina.kg/tachka/images/f/9/6/f96f8a5caf742b7c8d7fc52fb0a1ade6_640x480.jpg
https://mashina.kg/details/toyota-camry-69e5d8c524fd7072475336,Toyota Camry IX (XV80) China Market,33100,2894595,2026,1,2.0 л.,вариатор,Бишкек,https://im.mashina.kg/tachka/images/e/e/4/ee49ef44ca0fa23d12270eaa3acf95ac_640x480.jpg
https://mashina.kg/details/gac-gs8-69eafc099d2ad031565395,GAC GS8 II,32000,2798400,2026,1,2.0 л.,автомат,Бишкек,https://im.mashina.kg/tachka/images/1/9/a/19a4cd6e1263ecb23b645ba13c6625b3_640x480.jpg
https://mashina.kg/details/gmc-terrain-69ff61a97158f472817648,GMC Terrain II,20800,1818960,2020,119500,2.0 л.,автомат,Бишкек,https://im.mashina.kg/tachka/images/f/c/1/fc1ede14883e40bd8d4252e1dbdcda92_640x480.jpg
https://mashina.kg/details/hyundai-tucson-6a0168dfc6095547849488,Hyundai Tucson III Рестайлинг,12600,1101870,2020,271715,1.6 л.,робот,Бишкек,https://im.mashina.kg/tachka/images/1/d/e/1dee9324fed5cf03b6c75c8cf11ef820_640x480.jpg
https://mashina.kg/details/hyundai-sonata-6a016aa1a52ac564014083,Hyundai Sonata VII (LF) Рестайлинг,11500,1005675,2019,448327,2.0 л.,автомат,Бишкек,https://im.mashina.kg/tachka/images/4/1/f/41f3881f85a6f93e46fe236cf1d2c660_640x480.jpg
https://mashina.kg/details/toyota-rav4-69c9220163a55444880763,Toyota RAV4 IV (XA40) Рестайлинг,24300,2125035,2017,109150,2.5 л.,вариатор,Бишкек,https://im.mashina.kg/tachka/images/1/0/d/10dcc4b1956328c260c2fdb3fa4e5cb4_640x480.jpg
https://mashina.kg/details/hyundai-santa-fe-69e783b255221811125546,Hyundai Santa Fe IV,15300,1337985,2018,119000,2.0 л.,автомат,Бишкек,https://im.mashina.kg/tachka/images/2/1/5/21510ad393c68cdf1702635768a5aeaf_640x480.jpg
https://mashina.kg/details/hyundai-sonata-69f3275f46b39895228410,Hyundai Sonata VIII (DN8),13400,1171830,2021,84562,2.0 л.,автомат,Бишкек,https://im.mashina.kg/tachka/images/7/2/6/726e20d3d774d4256ab5faae83352808_640x480.jpg
https://mashina.kg/details/lexus-gx-69f8a612333f7286958820,Lexus GX I,30800,2693460,2009,195000,4.7 л.,автомат,Бишкек,https://im.mashina.kg/tachka/images/5/6/d/56d904b80f10aff017e982547b8d205e_640x480.jpg
https://mashina.kg/details/lexus-nx-69ff02b9825bc793516726,Lexus NX I,19400,1696530,2017,63000,2.0 л.,автомат,Бишкек,https://im.mashina.kg/tachka/images/9/c/8/9c860529ee2f4e22182edc5f5d8bf813_640x480.jpg
https://mashina.kg/details/toyota-rav4-69d34bab1b988967040001,Toyota RAV4 V (XA50),36800,3218160,2022,62100,2.5 л.,вариатор,Бишкек,https://im.mashina.kg/tachka/images/c/6/c/c6cb4c4d97688aa4449221d623fdaf93_640x480.jpg
https://mashina.kg/details/bmw-z4-69fb02ea825d0102542690,BMW Z4 III (G29),43500,3804075,2019,56500,2.0 л.,автомат,Бишкек,https://im.mashina.kg/tachka/images/b/4/4/b44c771acc3c71dfdee705ea06a013ee_640x480.jpg
https://mashina.kg/details/hyundai-sonata-69ba17dc0920f761903470,Hyundai Sonata VII (LF) Рестайлинг,13000,1136850,2021,240582,2.0 л.,автомат,Бишкек,https://im.mashina.kg/tachka/images/2/0/e/20e6034a39430a1cacabd0f75e8fe704_640x480.jpg
https://mashina.kg/details/kia-carnival-691475ec255b5052718098,Kia Carnival IV,17500,1530375,2022,163241,2.2 л.,автомат,Бишкек,https://im.mashina.kg/tachka/images/6/8/1/68141fa74aa32769de21bc167431a5ef_640x480.jpg
https://mashina.kg/details/toyota-sienna-6951f12455f50258128540,Toyota Sienna IV,44500,3891525,2021,78777,2.5 л.,автомат,Бишкек,https://im.mashina.kg/tachka/images/d/a/a/daa3a708cfd20542cf7b44039ce8f965_640x480.jpg
https://mashina.kg/details/toyota-land-cruiser-69c91ee54294d120199852,Toyota Land Cruiser 200 Series Рестайлинг 2,78000,6821100,2019,117000,4.6 л.,автомат,Бишкек,https://im.mashina.kg/tachka/images/9/b/6/9b6c40c354b700f4cc01fc95146a7999_640x480.jpg
https://mashina.kg/details/hyundai-sonata-69d7393789ad0099294219,Hyundai Sonata VII (LF) Рестайлинг,13200,1154340,2019,137551,2.0 л.,автомат,Бишкек,https://im.mashina.kg/tachka/images/4/9/e/49ea1284b67392d078c9ea9746f9038a_640x480.jpg
https://mashina.kg/details/lexus-gx-69d3495409e52399383885,Lexus GX II Рестайлинг 2,63800,5579310,2022,78999,4.6 л.,автомат,Бишкек,https://im.mashina.kg/tachka/images/8/0/f/80fd66c80dfc11a29d5d381f23b4a350_640x480.jpg
https://mashina.kg/details/hyundai-sonata-69f32616c018f151661164,Hyundai Sonata VII (LF) Рестайлинг,13200,1154340,2020,91855,2.0 л.,автомат,Бишкек,https://im.mashina.kg/tachka/images/b/4/d/b4d7f432fb398955749a7def34c45da2_640x480.jpg
https://mashina.kg/details/hyundai-avante-696a20fe805a0616203887,Hyundai Avante VII,12700,1110615,2021,127730,1.6 л.,вариатор,Бишкек,https://im.mashina.kg/tachka/images/f/3/9/f39ac15f94697f09c7f2ae6b5bce1cf9_640x480.jpg
https://mashina.kg/details/chevrolet-spark-68f70da92df03629791657,Chevrolet Spark IV Рестайлинг,7800,682110,2020,108647,1.0 л.,вариатор,Бишкек,https://im.mashina.kg/tachka/images/4/8/9/489c71029acc607b3b5930c3cad70ee9_640x480.jpg
https://mashina.kg/details/renault-samsung-xm3-687f50441734d633423433,Renault Samsung XM3,15500,1355475,2023,17,1.6 л.,вариатор,Бишкек,https://im.mashina.kg/tachka/images/a/a/0/aa07fdf716ab32f0a9186d3e8567b1fc_640x480.jpg
https://mashina.kg/details/kia-k5-69ba30c0b3b78987049094,Kia K5 II,13000,1136850,2020,300774,2.0 л.,автомат,Бишкек,https://im.mashina.kg/tachka/images/f/0/a/f0a77f01b118a1e5ce35c5e264823417_640x480.jpg
https://mashina.kg/details/hyundai-sonata-69ba168d5d599168432377,Hyundai Sonata VIII (DN8),14500,1268025,2022,94585,2.0 л.,автомат,Бишкек,https://im.mashina.kg/tachka/images/1/6/e/16e2c0c2c0ddab19b8faefaf25d38c66_640x480.jpg
https://mashina.kg/details/chevrolet-malibu-6a044a45de7f9bc176df4c0f,Продажа Chevrolet Malibu IX 2018,8800,769560,2018,232000,1.5 л.,автомат,Бишкек,https://storage.mashina.kg/catalog/images/2026-05-13/10031225/24e7cbcd5959e94fc5ee1d16a80ea888_medium.webp
https://mashina.kg/details/kia-k3-69f704bb1fd7b322397835,Kia K3 II,12500,1093125,2019,58000,1.6 л.,вариатор,Бишкек,https://im.mashina.kg/tachka/images/2/f/a/2fa7164878927325d454a719b4151036_640x480.jpg
https://mashina.kg/details/hyundai-grandeur-69d7365ae6edc852968546,Hyundai Grandeur VI Рестайлинг,15000,1311750,2022,240121,3.0 л.,автомат,Бишкек,https://im.mashina.kg/tachka/images/5/4/3/5439a5a8170bee710f98126dccff79ad_640x480.jpg
https://mashina.kg/details/lexus-lx-6a00ae093d29f805968806,Lexus LX III,34500,3017025,2011,315000,5.7 л.,автомат,Бишкек,https://storage.mashina.kg/catalog/images/2026-05-13/4562331/4a64a511c6075dc5e24e3f3ad7d4126f_medium.webp
https://mashina.kg/details/hyundai-sonata-69d7380c8a9b6196253452,Hyundai Sonata VIII (DN8),13400,1171830,2022,220182,2.0 л.,автомат,Бишкек,https://im.mashina.kg/tachka/images/1/d/a/1da598f546634cae64b512534ccdf809_640x480.jpg
https://mashina.kg/details/kia-k7-69b27d6ae52b4417972999,Kia K7 YG (II) Рестайлинг,17381,1520000,2020,141000,3.0 л.,автомат,Бишкек,https://im.mashina.kg/tachka/images/d/9/b/d9bb1aba99ceab797b3ac8d2a33ddd72_640x480.jpg
https://mashina.kg/details/hyundai-sonata-69c0af4fd4b57052899881,Hyundai Sonata VIII (DN8),14400,1259280,2021,93597,2.0 л.,автомат,Бишкек,https://im.mashina.kg/tachka/images/d/2/2/d2235a57c93cb7a4d67142dd669b40bb_640x480.jpg
https://mashina.kg/details/toyota-highlander-69ba919db2da1529545478,Toyota Highlander IV (U70),28000,2448600,2022,95000,3.5 л.,автомат,Бишкек,https://im.mashina.kg/tachka/images/9/7/5/975f970423a0fb3631215ea2cc62288c_640x480.jpg
https://mashina.kg/details/bmw-x5-m-69df90083e9e9957731058,BMW X5 M III (F95),91000,7957950,2021,32500,4.4 л.,автомат,Бишкек,https://im.mashina.kg/tachka/images/0/8/3/08375d3b22f42c7cf6a0ae278b55f2c6_640x480.jpg
https://mashina.kg/details/bmw-x5-69442990c3742844298227,BMW X5 IV (G05/G18),72000,6296400,2021,47000,3.0 л.,автомат,Бишкек,https://im.mashina.kg/tachka/images/d/b/0/db08a60c620fcd372875dc67c400b903_640x480.jpg
https://mashina.kg/details/hyundai-sonata-69d36086ca9c9924463004,Hyundai Sonata VIII (DN8),12500,1093125,2019,171500,2.0 л.,автомат,Бишкек,https://im.mashina.kg/tachka/images/1/c/1/1c19c44ada92bdcdb879e37f74a28731_640x480.jpg
https://mashina.kg/details/subaru-ascent-69661d9d71ae1255951664,Subaru Ascent I,24000,2098800,2020,107000,2.4 л.,вариатор,Бишкек,https://im.mashina.kg/tachka/images/f/4/b/f4b58d0af8466069ab4132ba08943921_640x480.jpg
https://mashina.kg/details/bmw-x5-m-69df9144a223e456506327,BMW X5 M III (F95),91000,7957950,2020,43000,4.4 л.,автомат,Бишкек,https://im.mashina.kg/tachka/images/4/8/9/489b3dc3ca4cb54610ae3ab2612b022b_640x480.jpg
https://mashina.kg/details/toyota-camry-69f2fdd6736d1574606287,Toyota Camry VIII (XV70) Рестайлинг,34000,2973300,2023,42000,2.5 л.,вариатор,Бишкек,https://im.mashina.kg/tachka/images/f/3/d/f3de70fc121ee1d543203e4fefa93aff_640x480.jpg
https://mashina.kg/details/lexus-lx-69b03a8a50791642612740,Lexus LX III Рестайлинг 2,102000,8919900,2019,94000,5.7 л.,автомат,Бишкек,https://im.mashina.kg/tachka/images/9/9/5/9958353934e55a1e9de229ae0b8c9832_640x480.jpg
https://mashina.kg/details/hyundai-avante-6a068e3637ae1be576bc6b62,Продажа Hyundai Avante II Рестайлинг 1999,2400,209880,1999,292900,1.5 л.,механика,Кызыл-Кия,https://storage.mashina.kg/catalog/images/2026-05-15/10033385/106dd4d924070b9dd8f1fec662214bf2_medium.webp
https://mashina.kg/details/lexus-lx-69707661763f8369507376,Lexus LX III Рестайлинг 2,89500,7826775,2020,114000,5.7 л.,автомат,Бишкек,https://im.mashina.kg/tachka/images/5/a/9/5a9c1dc44338f3bd8ffb4b72b065eb5a_640x480.jpg
https://mashina.kg/details/toyota-windom-67f4bdfe7143c637974821,Toyota Windom III (XV30),12700,1110615,2003,111000,3.0 л.,автомат,Бишкек,https://im.mashina.kg/tachka/images/2/f/8/2f8f901445ff266fb8a8a9ec8dec8a4f_640x480.jpg
https://mashina.kg/details/kia-sportage-6a0049feec1a7695697541,Kia Sportage IV Рестайлинг,14500,1268025,2020,180000,2.0 л.,автомат,Бишкек,https://im.mashina.kg/tachka/images/9/8/6/986bc75a3b064c4cd8986dc31b50ab7d_640x480.jpg
https://mashina.kg/details/land-rover-discovery-sport-69e09aad05d0a380838648,Land Rover Discovery Sport I,14000,1224300,2017,199000,2.0 л.,автомат,Бишкек,https://im.mashina.kg/tachka/images/a/8/d/a8dd52219cef7218371fff3a085a760c_640x480.jpg
https://mashina.kg/details/toyota-sienna-69cd4487e5612411858168,Toyota Sienna III Рестайлинг 2,30000,2623500,2018,84000,3.5 л.,автомат,Бишкек,https://im.mashina.kg/tachka/images/9/7/4/97405da1b4ca55eedead54b0978acd63_640x480.jpg
https://mashina.kg/details/hyundai-sonata-69fc8d7c6bdd6598157915,Hyundai Sonata VII (LF) Рестайлинг,12600,1101870,2020,187000,2.0 л.,автомат,Бишкек,https://im.mashina.kg/tachka/images/e/5/a/e5a53136dc194519e6d91678dc33b123_640x480.jpg
https://mashina.kg/details/bmw-x5-m-694cc434e9f71633830398,BMW X5 M III (F95),86000,7520700,2020,17000,4.4 л.,автомат,Бишкек,https://im.mashina.kg/tachka/images/b/7/3/b738a63c8789a853431077632c038937_640x480.jpg
https://mashina.kg/details/bmw-1-serii-69f9e90d8d340132185620,BMW 1 серии III (F40),31000,2710950,2021,41000,2.0 л.,автомат,Бишкек,https://im.mashina.kg/tachka/images/2/9/6/2968ed3c63bd7df8e9df70d0d4baee97_640x480.jpg
https://mashina.kg/details/toyota-alphard-69e737b60a556196489706,Toyota Alphard III Рестайлинг,65000,5684250,2019,75000,3.5 л.,автомат,Бишкек,https://im.mashina.kg/tachka/images/a/6/0/a60bb3f4b062bf9cd67ec9f64cbc338e_640x480.jpg
https://mashina.kg/details/kia-k7-69da0c1508f0a590263515,Kia K7 YG (II) Рестайлинг,16500,1442925,2020,61300,2.5 л.,автомат,Бишкек,https://im.mashina.kg/tachka/images/0/2/1/0210366db36bd299ee5f695120245be4_640x480.jpg
https://mashina.kg/details/kia-k3-69fa154652224785534605,Kia K3 II,12600,1101870,2020,177000,1.6 л.,вариатор,Ош,https://im.mashina.kg/tachka/images/1/d/9/1d9d94d2f0f2f785fe96114085f90e5b_640x480.jpg
https://mashina.kg/details/toyota-land-cruiser-69edeff505fbd467879893,Toyota Land Cruiser 200 Series Рестайлинг 2,76500,6689925,2018,94000,4.6 л.,автомат,Бишкек,https://im.mashina.kg/tachka/images/d/e/a/dea79ff8427162a219a12b1d4853e35d_640x480.jpg
https://mashina.kg/details/lexus-nx-69d8f33d89a30731335679,Lexus NX I,23500,2055075,2017,70500,2.0 л.,автомат,Бишкек,https://im.mashina.kg/tachka/images/3/9/9/399ac65544dc0b0143f910a25065b912_640x480.jpg
https://mashina.kg/details/chevrolet-spark-69f8cfd112d7c781592160,Chevrolet Spark IV Рестайлинг,7776,680000,2020,114000,1.0 л.,вариатор,Ош,https://im.mashina.kg/tachka/images/5/0/4/5040f8e9cdc3e3bc693de231d8efa2e4_640x480.jpg
https://mashina.kg/details/lexus-es-6912f34927c77891061774,Lexus ES VII,33800,2955810,2020,139000,2.5 л.,вариатор,Ош,https://im.mashina.kg/tachka/images/e/6/9/e69da3c228bbaff601a3299aede98eb6_640x480.jpg
https://mashina.kg/details/mercedesbenz-gklass-amg-69ddae209025c710615977,Mercedes-Benz G-Класс AMG II (W465) Рестайлинг,270000,23611500,2025,500,4.0 л.,автомат,Бишкек,https://im.mashina.kg/tachka/images/9/7/f/97fd83b6f2fc6d5999882adfe3f441b1_640x480.jpg
https://mashina.kg/details/bmw-x7-69d4ccaeecb17294672032,BMW X7 I (G07) Рестайлинг,87000,7608150,2023,56000,3.0 л.,автомат,Бишкек,https://im.mashina.kg/tachka/images/a/7/9/a79bc33e5256dbb7ca05523137a30fe7_640x480.jpg
https://mashina.kg/details/toyota-land-cruiser-68de2a073b758731356111,Toyota Land Cruiser 200 Series Рестайлинг 1,49800,4355010,2012,113000,4.5 л.,механика,Бишкек,https://im.mashina.kg/tachka/images/4/9/0/49035971d5fb9923ee2923e622599a6d_640x480.jpg
https://mashina.kg/details/lexus-lx-69c13f8501ef6337228391,Lexus LX III Рестайлинг 2,108000,9444600,2021,110000,5.7 л.,автомат,Бишкек,https://im.mashina.kg/tachka/images/2/7/6/276534feffd79424f830721236b2097b_640x480.jpg
https://mashina.kg/details/kia-sportage-69dbee4fbddae917784203,Kia Sportage III Рестайлинг,11900,1040655,2014,112000,2.0 л.,автомат,Бишкек,https://im.mashina.kg/tachka/images/0/d/a/0da4c45c270b172861e1d00e4beee816_640x480.jpg
https://mashina.kg/details/toyota-camry-692fe38d6a9c1100132271,Toyota Camry VIII (XV70),25500,2229975,2018,68000,2.5 л.,автомат,Бишкек,https://im.mashina.kg/tachka/images/9/6/a/96a8707278bc57ba06b321a29577603d_640x480.jpg
https://mashina.kg/details/lexus-nx-6944286153b41493782494,Lexus NX II,63000,5509350,2022,9000,2.5 л.,автомат,Бишкек,https://im.mashina.kg/tachka/images/e/6/f/e6f4de96f15c5a6afad4884fe650fb4f_640x480.jpg
https://mashina.kg/details/hyundai-avante-69df88df8fed3006407023,Hyundai Avante VI Рестайлинг,11500,1005675,2019,163000,1.6 л.,вариатор,Бишкек,https://im.mashina.kg/tachka/images/f/e/7/fe729e686245354a315e69998b92793e_640x480.jpg
https://mashina.kg/details/toyota-fj-cruiser-69c4de2f722c3588184298,Toyota FJ Cruiser,34000,2973300,2014,137700,4.0 л.,автомат,Бишкек,https://im.mashina.kg/tachka/images/b/9/6/b967a86b9241b452c3b73f951ba50c8e_640x480.jpg
https://mashina.kg/details/kia-k8-69d4f3247cd2a056423704,Kia K8,18700,1635315,2022,188600,1.6 л.,автомат,Бишкек,https://im.mashina.kg/tachka/images/b/8/2/b824b3453302c2f4105019c52dbe76f5_640x480.jpg
https://mashina.kg/details/honda-accord-68f73d894f016983923696,Honda Accord X Рестайлинг,16500,1442925,2021,44417,2.0 л.,вариатор,Бишкек,https://im.mashina.kg/tachka/images/d/8/e/d8ee39063d3bc8c2c4894d4ea542c49e_640x480.jpg
https://mashina.kg/details/gac-gs8-69a7ea0eddcbd966591982,GAC GS8 II,30300,2649735,2026,10,2.0 л.,автомат,Бишкек,https://im.mashina.kg/tachka/images/c/b/7/cb7fd71ec4ab3c8fd86e614831d9248b_640x480.jpg
https://mashina.kg/details/ssangyong-rexton-69da055ed36bc929933015,SsangYong Rexton IV,20500,1792725,2019,86000,2.2 л.,автомат,Бишкек,https://im.mashina.kg/tachka/images/9/0/6/9067bf92ee935e0126d8454805508b18_640x480.jpg
https://mashina.kg/details/bmw-x5-6a0581ec3de8274e8097ffc3,Продажа BMW X5 IV (G05/G18) 2019,40000,3498000,2019,159500,3.0 л.,автомат,Бишкек,https://storage.mashina.kg/catalog/images/2026-05-14/10032484/9fc8456e42911009070c0af910d98698_medium.webp
https://mashina.kg/details/nissan-navara-frontier-6a06b8c30cbd9c0485f58c81,Продажа Nissan Navara (Frontier) Nissan Navara (Frontier) IV (D23) 2024,38000,3323100,2024,800,2.5 л.,автомат,Бишкек,https://storage.mashina.kg/catalog/images/2026-05-15/10033525/aaa8e94dce6c25c529ca13f81b68c98a_medium.webp
https://mashina.kg/details/bmw-5-serii-69ef88f3a4810879471791,BMW 5 серии IV (E39),3202,280000,1999,250000,2.5 л.,механика,Каракол,https://im.mashina.kg/tachka/images/f/5/3/f53cf699b8f9c062905994fef8ff0d20_640x480.jpg
https://mashina.kg/details/bmw-5-serii-6a06c9b6c8db43992d3e27db,Продажа BMW 5 серии VII (G30/G31) Рестайлинг 2021,32800,2868360,2021,105000,2.0 л.,-1,Бишкек,https://storage.mashina.kg/catalog/images/2026-05-15/10033621/77040af555c13382ccdd922b10c8711b_medium.webp
https://mashina.kg/details/lexus-lx-6a00438b919a3448484190,Lexus LX III Рестайлинг,42000,3672900,2012,205000,5.7 л.,автомат,Бишкек,https://im.mashina.kg/tachka/images/c/c/6/cc6dfb57b9fc51aa66ca265c7234f0b0_640x480.jpg
https://mashina.kg/details/hyundai-sonata-69d37e541f31f010650073,Hyundai Sonata VIII (DN8),12500,1093125,2020,177900,2.0 л.,автомат,Бишкек,https://im.mashina.kg/tachka/images/1/e/f/1efc91c3290a9ed53c74de0b1037e0fe_640x480.jpg
https://mashina.kg/details/chevrolet-malibu-69d515d0952a7763404287,Chevrolet Malibu IX Рестайлинг,10900,953205,2020,190000,2.0 л.,автомат,Бишкек,https://im.mashina.kg/tachka/images/8/d/a/8da04739f80fbd6e327656a38a25cf30_640x480.jpg
https://mashina.kg/details/kia-k5-69cfbde9ecb0e026105564,Kia K5 III,17000,1486650,2022,172080,2.0 л.,автомат,Бишкек,https://im.mashina.kg/tachka/images/2/c/3/2c3aa303eb17681b6af6029420986cda_640x480.jpg
https://mashina.kg/details/daewoo-nexia-69db66ca0d7e3221061105,Daewoo Nexia I,1601,140000,2007,228036,1.5 л.,механика,Раззаков,https://im.mashina.kg/tachka/images/b/2/2/b2260d2baee059442d8f34aeeddc90d8_640x480.jpg
https://mashina.kg/details/hyundai-avante-6a0582dc37061ad36d7e79f8,Продажа Hyundai Avante VII 2021,12300,1075635,2021,99664,1.6 л.,автомат,Бишкек,https://storage.mashina.kg/catalog/images/2026-05-14/10032487/18023fd5bc5fd69a3025c79f84152378_medium.webp
https://mashina.kg/details/kia-k7-69b11ace56a7f241237111,Kia K7 YG (II) Рестайлинг,14900,1303005,2019,207000,2.5 л.,автомат,Бишкек,https://im.mashina.kg/tachka/images/b/e/f/bef6f16278a592fd305ba9fd91396b93_640x480.jpg
https://mashina.kg/details/hyundai-kona-69299e1c16f66591031404,Hyundai Kona I,11500,1005675,2018,175400,1.6 л.,робот,Бишкек,https://im.mashina.kg/tachka/images/7/c/7/7c7fa2274c968def64c1c982df3000d4_640x480.jpg
https://mashina.kg/details/hyundai-tucson-69b18831b614c209761360,Hyundai Tucson IV,17777,1554599,2021,180000,1.6 л.,автомат,Бишкек,https://im.mashina.kg/tachka/images/8/6/c/86c5395a915ce94e7e96e11e6645115e_640x480.jpg
https://mashina.kg/details/kia-k5-69b28d4f854cc577796253,Kia K5 III,14500,1268025,2019,147000,1.6 л.,автомат,Бишкек,https://im.mashina.kg/tachka/images/2/5/f/25fa7df38ff085f0c632b76e6eb83284_640x480.jpg
https://mashina.kg/details/kia-k8-69bfbe3643155324954817,Kia K8,18000,1574100,2021,175134,1.6 л.,автомат,Бишкек,https://im.mashina.kg/tachka/images/6/6/5/665a2f89557788ca2066cbed0f436c39_640x480.jpg
https://mashina.kg/details/kia-sportage-687a4ec171ced444440621,Kia Sportage IV Рестайлинг,16300,1425435,2020,154000,2.0 л.,автомат,Бишкек,https://im.mashina.kg/tachka/images/d/e/5/de5c477c7f94c16adf50bb9be89966c9_640x480.jpg
https://mashina.kg/details/hyundai-santa-fe-69ca495d49d01284699455,Hyundai Santa Fe IV Рестайлинг,21200,1853940,2022,160000,1.6 л.,автомат,Бишкек,https://im.mashina.kg/tachka/images/b/f/6/bf618c472166804ed4b6be8d6a7a7c59_640x480.jpg
https://mashina.kg/details/toyota-camry-6a06e2a3ab3a3311ffc78266,Продажа Toyota Camry VIII (XV70) 2020,17500,1530375,2020,64000,2.5 л.,автомат,Кара-Балта,https://storage.mashina.kg/catalog/images/2026-05-15/10033771/552cf5f6ac89e47d7e3eed93af2bcfcf_medium.webp
https://mashina.kg/details/hyundai-kona-6925626ab429b828971134,Hyundai Kona I Рестайлинг,11999,1049313,2021,155000,1.6 л.,робот,Бишкек,https://im.mashina.kg/tachka/images/f/d/f/fdf534e1d45bda4b08b0bd75bac21825_640x480.jpg
https://mashina.kg/details/kia-sorento-69f749f1075ed907369111,Kia Sorento IV,19999,1748913,2022,116,1.6 л.,автомат,Бишкек,https://im.mashina.kg/tachka/images/5/9/2/592146c521e7a9d060ffcd1ae9acb411_640x480.jpg
https://mashina.kg/details/toyota-rav4-6a06e5d9afbcaed0bdb4af58,Продажа Toyota RAV4 V (XA50) 2022,25000,2186250,2022,80000,2.5 л.,автомат,Кара-Балта,https://storage.mashina.kg/catalog/images/2026-05-15/10033802/72cff0341f9019f2f1ee45ae8b3fa9b1_medium.webp
https://mashina.kg/details/ssangyong-rexton-sports-69ca47358900d024396396,SsangYong Rexton Sports I,17600,1539120,2020,19000,2.2 л.,автомат,Бишкек,https://im.mashina.kg/tachka/images/8/8/7/8870de748ea394c0578d86f827bfb4f3_640x480.jpg
https://mashina.kg/details/honda-crv-69f19d1d772ba399738756,Honda CR-V II Рестайлинг,11500,1005675,2005,200000,2.4 л.,автомат,Бишкек,https://im.mashina.kg/tachka/images/d/d/7/dd71bd3da3b9536469b080273d6d04e1_640x480.jpg
https://mashina.kg/details/toyota-prius-69e706b1d6e47053663766,Toyota Prius IV (XW50),16300,1425435,2017,112889,1.8 л.,вариатор,Ош,https://im.mashina.kg/tachka/images/3/c/2/3c2031f327df07af554db520996efd49_640x480.jpg
https://mashina.kg/details/lexus-ux-6a06e59fcff4ead6764c92f1,Продажа Lexus UX I 2021,20500,1792725,2021,115000,2.0 л.,вариатор,Бишкек,https://storage.mashina.kg/catalog/images/2026-05-15/10033800/ff8d0a083d1b0349e781ee8f478e9e06_medium.webp
https://mashina.kg/details/bmw-x7-69bc6a7bb6e91193437865,BMW X7 I (G07),61500,5378175,2021,81000,3.0 л.,автомат,Бишкек,https://im.mashina.kg/tachka/images/e/2/3/e23152659f95e71344376ec5ee353ebc_640x480.jpg
https://mashina.kg/details/daewoo-tico-69e763611fbf7429248235,Daewoo Tico,2161,189000,1997,237000,0.8 л.,автомат,Кадамжай,https://im.mashina.kg/tachka/images/1/7/1/171354bdd1ced9c21b885621e960d6c9_640x480.jpg
https://mashina.kg/details/mercedesbenz-eklass-6a00bfd4c4519153766236,"Mercedes-Benz E-Класс II (W210, S210) Рестайлинг",8805,770000,2002,249000,4.3 л.,автомат,Ош,https://im.mashina.kg/tachka/images/f/c/e/fcef417f64556527124bd6474428cd9e_640x480.jpg
https://mashina.kg/details/kia-sportage-69d364025eca0527025846,Kia Sportage IV Рестайлинг,16600,1451670,2018,112000,2.0 л.,автомат,Бишкек,https://im.mashina.kg/tachka/images/0/7/d/07dc21481b1739b063502a96d5dd17c7_640x480.jpg
https://mashina.kg/details/hyundai-kona-6941851d93c75205818216,Hyundai Kona I,14000,1224300,2019,123000,1.6 л.,автомат,Бишкек,https://im.mashina.kg/tachka/images/c/a/f/cafe60555b768fd74872e740d672a4d6_640x480.jpg
https://mashina.kg/details/kia-sportage-68bc885603860819724884,Kia Sportage IV Рестайлинг,15200,1329240,2019,115000,2.0 л.,автомат,Бишкек,https://im.mashina.kg/tachka/images/9/8/1/981e29b94a6c279fe7637415a69245e3_640x480.jpg
https://mashina.kg/details/kia-k5-68ade11ee5500344202267,Kia K5 II,16600,1451670,2019,105000,2.0 л.,автомат,Бишкек,https://im.mashina.kg/tachka/images/f/6/9/f694307268803e54a94e36b2f36e5f8b_640x480.jpg
https://mashina.kg/details/kia-k5-69fc73127c9a9568562051,Kia K5 II,14500,1268025,2019,156000,2.0 л.,автомат,Бишкек,https://im.mashina.kg/tachka/images/d/b/6/db647c6bdd2c60990ef59ef3eeb09d0b_640x480.jpg
https://mashina.kg/details/hyundai-sonata-6a005dc61ceb8816920838,Hyundai Sonata VII (LF) Рестайлинг,11000,961950,2020,148000,2.0 л.,автомат,Кызыл-Кия,https://im.mashina.kg/tachka/images/7/1/2/712dfab586ce8846e0d7c89f3af75983_640x480.jpg
https://mashina.kg/details/toyota-camry-6a0562e24593a408ac99e1ed,Продажа Toyota Camry IX (XV80) 2025,47500,4153875,2025,18000,2.5 л.,вариатор,Бишкек,https://storage.mashina.kg/catalog/images/2026-05-14/10032319/20214ce9938a0ebf15186a0efa8b0164_medium.webp
https://mashina.kg/details/lexus-es-69edadf9bddf3728015022,Lexus ES VII,26000,2273700,2019,109000,2.5 л.,вариатор,Бишкек,https://im.mashina.kg/tachka/images/f/8/7/f871fe300a308653f7e10570070f11b4_640x480.jpg
https://mashina.kg/details/chevrolet-spark-6a004ec9dc158533106831,Chevrolet Spark IV Рестайлинг,7300,638385,2019,101000,1.0 л.,вариатор,Бишкек,https://im.mashina.kg/tachka/images/6/1/2/6124730fb816528d807c80d84b07c0e2_640x480.jpg
https://mashina.kg/details/lexus-lx-6a0050cb9ea7c688518423,Lexus LX III Рестайлинг,62000,5421900,2015,163000,5.7 л.,автомат,Бишкек,https://im.mashina.kg/tachka/images/8/b/b/8bb5a6203fb4e40d9e486fa6e67e9ebb_640x480.jpg
https://mashina.kg/details/mazda-cx5-69d4a9368803d042239618,Mazda CX-5 II Рестайлинг,32500,2842125,2026,30,2.0 л.,механика,Бишкек,https://im.mashina.kg/tachka/images/a/b/9/ab9a2810226b8e624c33a434a140df1b_640x480.jpg
https://mashina.kg/details/bmw-5-serii-6a05a8069878d4a3c641e1db,Продажа BMW 5 серии VII (G30/G31) 2019,23300,2037585,2019,185431,2.0 л.,автомат,Бишкек,https://storage.mashina.kg/catalog/images/2026-05-15/10032657/cc5f60d10d62b0901d9b6ca024088261_medium.webp
https://mashina.kg/details/mazda-cx5-69d4a9f8ef5d2529188630,Mazda CX-5 II Рестайлинг,32500,2842125,2026,30,2.0 л.,механика,Бишкек,https://im.mashina.kg/tachka/images/4/b/0/4b00d3a81d83a755e1aaeab802937917_640x480.jpg
https://mashina.kg/details/hyundai-sonata-6a06e46dd6506d828a57d4cd,Продажа Hyundai Sonata VII (LF) Рестайлинг 2019,12000,1049400,2019,456000,2.0 л.,автомат,Манас (Джалал-Абад),https://storage.mashina.kg/catalog/images/2026-05-15/10033791/5ac805facdc1cb29999335051b7dba6d_medium.webp
https://mashina.kg/details/subaru-ascent-693d73062ab96965065347,Subaru Ascent I Рестайлинг,31000,2710950,2023,41000,2.4 л.,вариатор,Бишкек,https://im.mashina.kg/tachka/images/c/6/0/c60765159da0cd0c958fd69549aab072_640x480.jpg
https://mashina.kg/details/mazda-cx5-69d4ae500e041445661066,Mazda CX-5 II Рестайлинг,20000,1749000,2026,30,2.0 л.,механика,Китай,https://im.mashina.kg/tachka/images/b/6/3/b630fb73722eaf2f0401a60be97253d4_640x480.jpg
https://mashina.kg/details/mazda-cx5-698703ef9f921087171329,Mazda CX-5 II Рестайлинг,32500,2842125,2026,30,2.0 л.,автомат,Бишкек,https://im.mashina.kg/tachka/images/3/2/6/32676e4852231a8a755a1c64ea47bdcc_640x480.jpg
https://mashina.kg/details/mazda-cx5-69d4af0d77e46291839357,Mazda CX-5 II Рестайлинг,19500,1705275,2026,30,2.0 л.,механика,Китай,https://im.mashina.kg/tachka/images/3/3/9/33990e8fbf76e07c36b0ccd625da0a15_640x480.jpg
https://mashina.kg/details/toyota-yaris-69b79419b806e047288181,Toyota Yaris III Рестайлинг,10700,935715,2017,207605,1.5 л.,автомат,Бишкек,https://im.mashina.kg/tachka/images/f/9/3/f935462bf245a049602c86d4d91696c3_640x480.jpg
https://mashina.kg/details/chevrolet-cruze-67777fb163ac4217784175,Chevrolet Cruze II,9100,795795,2018,104000,1.4 л.,автомат,Бишкек,https://im.mashina.kg/tachka/images/9/a/2/9a2b707852f914b76770904d31eafe0f_640x480.jpg
https://mashina.kg/details/honda-accord-69e4dc4d08819439745169,Honda Accord IX Рестайлинг,9400,822030,2016,273588,2.4 л.,вариатор,Ош,https://im.mashina.kg/tachka/images/d/0/2/d02ba68a6c5d29c8f728a73be79a6509_640x480.jpg
https://mashina.kg/details/ssangyong-rexton-6a003d7e2dd84677089272,SsangYong Rexton IV Рестайлинг,22000,1923900,2021,174000,2.2 л.,автомат,Бишкек,https://im.mashina.kg/tachka/images/0/8/4/084dcb13be5f1201c897d6915f3a2619_640x480.jpg
https://mashina.kg/details/ssangyong-rexton-69ee6af7bf915305869137,SsangYong Rexton IV,16500,1442925,2019,174000,2.2 л.,автомат,Бишкек,https://im.mashina.kg/tachka/images/3/6/a/36a40361697206398b73a18d693806a2_640x480.jpg
https://mashina.kg/details/chevrolet-spark-69b053207ef8e564171887,Chevrolet Spark IV Рестайлинг,7700,673365,2020,156000,1.0 л.,вариатор,Бишкек,https://im.mashina.kg/tachka/images/3/f/2/3f2c95c6f2b1d362720f6a760d55ce6e_640x480.jpg
https://mashina.kg/details/hyundai-grandeur-6a03edaa2f74a18be7f8cfda,Продажа Hyundai Grandeur VI Рестайлинг 2020,13900,1215555,2020,182000,3.0 л.,автомат,Бишкек,https://storage.mashina.kg/catalog/images/2026-05-13/10030734/46289d4db0bf7616099c675d6de7e090_medium.webp
https://mashina.kg/details/kia-k3-6a06955abda3e4f0ad8ca896,Продажа Kia K3 II 2019,11900,1040655,2019,115000,1.6 л.,вариатор,Бишкек,https://storage.mashina.kg/catalog/images/2026-05-15/10033407/8fc647d2a696d1e3d7cd717a79be332f_medium.webp
https://mashina.kg/details/hyundai-grandeur-6a017785862cd361806868,Hyundai Grandeur VI Рестайлинг,13500,1180575,2020,218000,3.0 л.,автомат,Бишкек,https://im.mashina.kg/tachka/images/8/7/6/876dc3ce6eea8db201b79751d4df5a5a_640x480.jpg
https://mashina.kg/details/hyundai-sonata-6a05c20184b94b5d4d1f63ad,Продажа Hyundai Sonata VII (LF) Рестайлинг 2019,11900,1040655,2019,390000,2.0 л.,автомат,Бишкек,https://storage.mashina.kg/catalog/images/2026-05-15/10032739/3a6ae1009b478f66d4a433e941830ff1_medium.webp
https://mashina.kg/details/toyota-rav4-68c52683e2c2f374612054,Toyota RAV4 I (XA10),5500,480975,1996,240000,2.0 л.,механика,с. Маевка,https://im.mashina.kg/tachka/images/4/f/0/4f09e6db92f212af2bbfd16fa8b15d4b_640x480.jpg
https://mashina.kg/details/kia-sorento-69fb4ead4af14918710311,Kia Sorento III Prime Рестайлинг,15600,1364220,2019,200000,2.0 л.,автомат,Бишкек,https://im.mashina.kg/tachka/images/9/2/4/9249051c339f65755630f3d36a68d78f_640x480.jpg
https://mashina.kg/details/bmw-x5-6a0557cff74892b3ec5f7c7b,Продажа BMW X5 IV (G05/G18) 2020,38000,3323100,2020,82300,3.0 л.,автомат,Бишкек,https://storage.mashina.kg/catalog/images/2026-05-14/10032276/a3a63fd8796dfb592ad9fb0991d545e8_medium.webp
https://mashina.kg/details/hyundai-avante-69f474b9b5500301947308,Hyundai Avante VI Рестайлинг,11400,996930,2020,137500,1.6 л.,вариатор,Ош,https://im.mashina.kg/tachka/images/b/2/c/b2c7ca7ae193c716b6f0e5537be25f67_640x480.jpg
https://mashina.kg/details/jeep-wrangler-6a06ba3a40321d6a997a9f24,Продажа Jeep Wrangler IV (JL) Рестайлинг 2025,88000,7695600,2025,1,3.6 л.,механика,Китай,https://storage.mashina.kg/catalog/images/2026-05-15/10033532/4600888756f2254cc910f8ddc8ba11ce_medium.webp
